id,nombre,edad
1,Vaughan Park,16
2,Dana Sloan,45
3,Miranda Patterson,19
4,Teegan Petersen,31
5,Kim Downs,33
6,Paloma Mack,53
7,Dieter West,23
8,Hedley Stafford,23
9,Justin Frederick,61
10,Leslie Wilkins,61
11,Nell Mercer,19
12,Barbara Mathis,57
13,Leah Blackwell,21
14,Eden Morgan,35
15,Quynn Carrillo,69
16,Sharon Watson,45
17,Dora Mcpherson,30
18,Georgia Kaufman,40
19,Nichole Burks,21
20,Buckminster Downs,43
21,Rafael Goff,34
22,Charles Johns,27
23,Cole Frye,40
24,Tamekah Watts,31
25,Neville Odom,49
26,Kane Byrd,50
27,Alexandra Oneil,54
28,Beck Todd,20
29,James Vega,19
30,Sopoline Pickett,32
31,Alexander Simmons,15
32,Ali Walsh,69
33,Kennan Powers,15
34,Rahim Cannon,59
35,Yuli Holland,25
36,Ferris Huber,45
37,Melodie Ward,58
38,Germane Mayo,64
39,Maris Melendez,60
40,Wynne Mayo,43
41,Chloe Lynn,55
42,Shea Bowers,57
43,Raven Tyson,32
44,Madison Francis,60
45,May Mcmillan,64
46,Alec Mccray,37
47,Vivien Brady,19
48,Yoshio Davidson,19
49,Grace Allison,59
50,Dahlia Sloan,17
51,Elijah Tate,62
52,Brenda Moran,66
53,Dylan Reilly,29
54,Gregory Haney,56
55,Ezekiel Pruitt,59
56,Brady Hammond,22
57,Oliver Doyle,46
58,Wallace Orr,24
59,Germane Ellis,26
60,Barbara Black,68
61,Ramona Atkinson,27
62,Thor Huber,32
63,Cole Mathis,69
64,Vincent Trevino,70
65,Phillip Massey,21
66,Robert Delgado,37
67,Kane Mcpherson,32
68,Rhea Ochoa,54
69,Tara Zimmerman,34
70,Caryn Brown,60
71,Upton Sanford,63
72,Ivana Ferguson,25
73,Curran Cherry,40
74,Kaseem Tran,43
75,Andrew Riley,60
76,Cheyenne Johnston,22
77,Cedric Burris,30
78,Bruce Daugherty,46
79,Yeo Gentry,32
80,Rashad Lambert,69
81,Jolie Larsen,36
82,Palmer Bates,21
83,Sigourney Farmer,25
84,Yuri Hines,31
85,Amethyst Reed,36
86,Randall Martinez,63
87,Alexis Gates,18
88,Janna Cain,51
89,Chancellor Mosley,21
90,Nero Gillespie,38
91,Wesley Mcgowan,40
92,Avram Cash,23
93,Adena Conrad,47
94,Priscilla Morrison,54
95,Solomon Burris,16
96,Alec Daniels,36
97,Mufutau Chan,41
98,Adrian Sellers,18
99,Nyssa Moreno,41
100,Jerry Marshall,37