Artist,Album,Track,Duration
Camila Cabello,Havana,Havana,3:36
Fármacos,Los Días Más Largos,Lo Que Hacemos Sin Mirar,3:36
Miranda!,Sin Restricciones,Don,3:03
Robyn,Body Talk Pt. 1,None of Dem,5:13
Dua Lipa,Dua Lipa (Deluxe),IDGAF,3:38
Britney Spears,Glory (Deluxe Version),Do You Wanna Come Over?,3:22
Panic! at the Disco,Live In Chicago,But It's Better If You Do - Live In Chicago,3:49
Panic! at the Disco,A Fever You Can't Sweat Out,Lying Is the Most Fun a Girl Can Have Without Taking Her Clothes Off,3:20
Death Cab for Cutie,Codes and Keys (Deluxe),Stay Young Go Dancing,2:50
Phoenix,It's Never Been Like That (Deluxe Version),Consolation Prizes,3:16
Dënver,Fuera de Campo,torneo local,4:33
Miranda!,Sin Restricciones,Traición,3:01
Miranda!,Sin Restricciones,Yo te diré,3:26
Vampire Weekend,Contra,Giving up the Gun,4:46
Demi Lovato,Confident (Deluxe Edition),Cool for the Summer,3:35
Nicki Minaj,Pink Friday ... Roman Reloaded (Deluxe),Starships,3:31
Lily Allen,Trigger Bang (feat. Giggs),Trigger Bang (feat. Giggs),3:32
Grimes,Art Angels,California,3:18
J Balvin,Machika,Machika,3:02
Planeta No,Odio,Sol a Sol,3:14
Taylor Swift,Red,We Are Never Ever Getting Back Together,3:11
Ariana Grande,nO TEArs lEft to cRy,No Tears Left To Cry,3:25
David Guetta,Like I Do,Like I Do,3:22
Astrid S,FourFiveSeconds (Live From Studio),FourFiveSeconds - Live From Studio,3:18
Rita Ora,ORA,Uneasy,3:02
Charli XCX,Boys,Boys,2:40
Taylor Swift,Reputation,Look What You Made Me Do,3:31
Ariana Grande,My Everything (Deluxe),Break Free,3:35
Kelly Clarkson,Breakaway,Since U Been Gone,3:08
One Direction,Up All Night,Up All Night,3:12
Taylor Swift,1989 (Deluxe),Out of the Woods,3:55
Teleradio Donoso,bailar y llorar,Amar en el campo,3:57
Gepe,Estilo Libre,TKM,3:10
Javiera Mena,Intuición,Intuición,3:54
Alex Anwandter,Amiga,Amiga,3:33
Death Cab for Cutie,Codes and Keys (Deluxe),You Are a Tourist,4:47
Tegan and Sara,Heartthrob,Closer,3:29
Modest Mouse,Good News For People Who Love Bad News,Float On,3:32
The New Pornographers,Brill Bruisers,Wide Eyes,2:56
Phantom Planet,The Guest,California - Tchad Blake Mix,3:14
Britney Spears,Blackout,Break the Ice,3:16
Fármacos,Estado de Gracia,Visitarte,2:37
Phoenix,It's Never Been Like That (Deluxe Version),Long Distance Call,3:04
Miranda!,Es Mentira,Agua,4:44
Black Kids,I'm Not Gonna Teach Your Boyfriend How To Dance With You,I'm Not Gonna Teach Your Boyfriend How to Dance With You,3:38
Peter Bjorn and John,Writer's Block,Young Folks,4:39
Modest Mouse,We Were Dead Before The Ship Even Sank,Dashboard,4:06
Death Cab for Cutie,Transatlanticism,Title and Registration,3:39
Christina Aguilera,Christina Aguilera,Genie in a Bottle,3:36
Britney Spears,Britney (Digital Deluxe Version),I'm Not a Girl Not Yet a Woman,3:51
Missy Elliott,Miss E...So Addictive,Get Ur Freak On,3:53
Death Cab for Cutie,Kintsugi,Little Wanderer,4:20
Babyshambles,Down In Albion (International Edition),Fuck Forever,4:37
Death Cab for Cutie,Kintsugi,Black Sun,4:09
Death Cab for Cutie,The Photo Album,Styrofoam Plates,5:24
Death Cab for Cutie,Transatlanticism,A Lack of Color,3:36
Britney Spears,The Essential Britney Spears,Toxic - Remastered,3:19
Javiera Mena,Mena,Sufrir,3:45
Babyshambles,Down in Albion,La Belle et la Bête,5:05
The Cure,Greatest Hits,Inbetween Days,2:55
Ellie Goulding,Halcyon Days,Lights,3:31
The Postal Service,Give Up,We Will Become Silhouettes,4:57
Christina Aguilera,Mi Reflejo,Ven Conmigo (Solamente Tú),3:11
Christina Aguilera,Mi Reflejo,El Beso del Final,4:42
Christina Aguilera,Mi Reflejo,Una Mujer,3:15
Christina Aguilera,Mi Reflejo,Falsas Esperanzas,2:57
Dua Lipa,Dua Lipa (Deluxe),New Rules,3:27
Missy Elliott,Under Construction,Work It,4:23
Gepe,GP,En La Naturaleza (4-3-2-1-0),3:22
Gepe,Audiovisión,Por la Ventana,3:12
Javiera Mena,Otra Era,Otra Era,4:05
Kelis,Tasty,Milkshake,3:05
Miranda!,Sin Restricciones,El profe,2:56
Death Cab for Cutie,Plans,Soul Meets Body,3:50
Santana,Supernatural (Remastered),Smooth,4:56
Lily Allen,Sheezus,Take My Place,3:32
Lily Allen,Sheezus,Sheezus,3:54
Lily Allen,Sheezus,Hard Out Here,3:33
Lily Allen,It's Not Me It's You [Special Edition],The Fear (Acoustic),3:25
Nelly Furtado,Loose (International Version),Promiscuous,4:01
Ke$ha,Animal,TiK ToK,3:22
Madonna,The Immaculate Collection,Express Yourself,4:04
Daddy Yankee,Talento De Barrio,Pose,3:37
Gwen Stefani,The Sweet Escape (International Version),The Sweet Escape,4:06
Lana Del Rey,Born to Die - The Paradise Edition,National Anthem,3:51
Lana Del Rey,Born to Die - The Paradise Edition,Born to Die,4:46
Ke$ha,Animal,Your Love Is My Drug,3:07
Miami Horror,Illumination,Holidays (feat. Alan Palomo),4:28
No Doubt,Rock Steady [UK Version (Ltd.)],Underneath It All,5:02
The Weeknd,Starboy,Starboy,3:50
Death Cab for Cutie,Transatlanticism (10th Anniversary Edition),The Sound of Settling,2:12
Britney Spears,Glory (Deluxe Version),Slumber Party feat. Tinashe,3:40
Phoenix,Wolfgang Amadeus Phoenix,1901,3:44
Gepe,Audiovisión,Alfabeto,4:07
Locomia,Grandes Éxitos,R S M (Rumba Samba Mambo),3:51
Miranda!,Sin Restricciones,El agente,2:47
Lana Del Rey,West Coast,West Coast,4:17
Lana Del Rey,Born To Die (Bonus Track Version),Blue Jeans,3:29
Javiera Mena,Otra Era,Que me tome la noche,3:28
One Direction,Up All Night,More Than This,3:47
One Direction,Up All Night,One Thing,3:17
One Direction,Take Me Home: Yearbook Edition,Kiss You,3:04
One Direction,Take Me Home: Yearbook Edition,Little Things,3:40
One Direction,Take Me Home: Yearbook Edition,Live While We're Young,3:20
Natasha Bedingfield,Strip Me Away,Pocketful of Sunshine,3:06
Lana Del Rey,Born to Die - The Paradise Edition,Cola,4:21
M.I.A.,Matangi,Bad Girls,3:49
La Roux,La Roux,Bulletproof,3:27
CHVRCHES,The Bones of What You Believe (Special Edition),The Mother We Share,3:12
Phoenix,It's Never Been Like That (Deluxe Version),Second To None,3:25
Gepe,GP,Bacán tu casa,4:19
Javiera Mena,Mena,Acá Entera,3:29
Kings of Leon,Walls,Waste A Moment,3:03
Black Kids,Partie Traumatic,Hurricane Jane,4:33
Foals,What Went Down,Mountain At My Gates,4:04
Franz Ferdinand,You Could Have It So Much Better,Do You Want To,3:38
The Kooks,The Best Of... So Far,Is It Me,3:30
Bloc Party,Four (Deluxe Version),Ratchet,3:18
Broken Bells,Broken Bells,The Ghost Inside,3:18
Lorde,Pure Heroine,Tennis Court,3:18
Lana Del Rey,Honeymoon,Honeymoon,5:51
Gwen Stefani,Love Angel Music Baby (Deluxe Version),What You Waiting For?,3:41
Taylor Swift,1989,Style,3:51
The Strokes,Is This It,Hard to Explain,3:47
Modest Mouse,The Moon & Antarctica,Paper Thin Walls,3:01
Clap Your Hands Say Yeah,Clap Your Hands Say Yeah,Gimme Some Salt,2:48
The Killers,Hot Fuss (Deluxe Version),Somebody Told Me,3:17
Babyshambles,Down in Albion,What Katy Did Next,3:04
Phoenix,United,Too Young,3:17
The Dandy Warhols,Chauncey P vs All the Girls in London,Chauncey P vs All the Girls in London,2:41
The Enemy,We'll Live and Die In These Towns,We'll Live And Die In These Towns,3:55
Kaiser Chiefs,Yours Truly Angry Mob,Ruby,3:25
Peter Bjorn and John,Breakin' Point,Between The Lines,3:02
Spoon,They Want My Soul,New York Kiss,3:27
Black Kids,Rookie,If My Heart Is Broken,4:11
The Cribs,The New Fellas,We Can No Longer Cheat You,3:03
Foals,Hummer,Hummer,3:00
The Flaming Lips,Yoshimi Battles The Pink Robots (U.S. Version),Yoshimi Battles The Pink Robots Part 1,4:45
Franz Ferdinand,Franz Ferdinand,Take Me Out,3:57
The Bravery,The Sun And The Moon,Time Won't Let Me Go,3:50
TV on the Radio,Dear Science,Dancing Choose,2:56
Bloc Party,Silent Alarm (U.S. Version),Banquet,3:18
The Shins,Wincing the Night Away,Australia,3:56
MGMT,Little Dark Age,Hand It Over,4:13
The Kooks,Be Who You Are,Be Who You Are,3:54
Phoenix,Ti Amo,J-Boy,4:07
Friendly Fires,Friendly Fires,Paris (Aeroplane Remix),7:45
The Dandy Warhols,Welcome to the Monkey House,We Used to Be Friends,3:19
Vampire Weekend,Vampire Weekend,Campus,2:55
Death Cab for Cutie,Transatlanticism,Lightness,3:30
Javiera Mena,Mena,Luz de Piedra de Luna,4:32
The Dandy Warhols,Thirteen Tales from Urban Bohemia,Bohemian Like You,3:31
Red Wire Black Wire,Compass EP,Locked Out,2:54
Guided by Voices,Human Amusements At Hourly Rates - The Best Of Guided By Voices,Game of Pricks,2:47
Lily Allen,Sheezus,Insincerely Yours,3:39
Gwen Stefani,This Is What the Truth Feels Like,Misery,3:26
Selena Gomez,Revival (Deluxe),Hands to Myself,3:21
Glup!,Glup! 1999,freebola,3:14
Christina Aguilera,Keeps Gettin' Better: A Decade of Hits,Candyman,3:14
Spoon,Music From The O.C. Mix 1,The Way We Get By,2:40
Javiera Mena,Otra Era,La Carretera,4:49
Miranda!,Sin Restricciones,Tu gurú,3:14
Los Prisioneros,Corazones,Amiga Mía,4:01
Gwen Stefani,This Is What the Truth Feels Like,Rare,3:55
Alex Anwandter,Rebeldes,Tormenta,5:25
Iggy Azalea,The New Classic (Deluxe Version),Fancy,3:18
Lily Allen,Sheezus (Special Edition),As Long as I Got You,3:23
Spice Girls,Spice,Who Do You Think You Are,3:59
Miranda!,743,743,3:26
Britney Spears,The Essential Britney Spears,Radar - Remastered,3:49
Jessie J,my everything (deluxe),Bang Bang,3:18
Fergie,Double Dutchess,L.A.LOVE (la la) [feat. YG],3:31
Good Shoes,No Hope No Future (Bonus Tracks Version),Easier Easier,4:08
Britney Spears,Britney Jean (Deluxe Version),Work B**ch,4:08
Fármacos,Belleza,Belleza,4:04
Planeta No,Matucana - EP,Señorita,3:36
Javiera Mena,Otra Era,Esa fuerza,4:33
Raffaella carrà,Grandes Exitos,CALIENTE CALIENTE,2:36
Phoenix,Ti Amo,Goodbye Soleil,3:56
Javiera Mena,Esquemas juveniles,Cuando hablamos,4:28
Miami Horror,Real Slow,Real Slow,5:00
Alex Anwandter,Rebeldes,Cómo Puedes Vivir Contigo Mismo?,4:21
Taylor Swift,1989,Wildest Dreams,3:40
One Direction,Midnight Memories (Deluxe),Best Song Ever,3:20
Taylor Swift,1989 (Deluxe),Blank Space,3:51
Lady Gaga,The Fame (Revised International Version),Just Dance,4:02
Yellowcard,Ocean Avenue,Ocean Avenue,3:18
t.A.T.u.,t.A.T.u. - The Best,All the Things She Said,3:34
Gepe,GP,Con Un Solo Zapato No Se Puede Caminar,2:45
Ra Ra Riot,Water,Water,4:40
Blur,Blur: The Best Of,Girls & Boys,4:20
MGMT,Oracular Spectacular,Time to Pretend,4:21
The Kooks,Inside In / Inside Out,Naïve,3:22
Ellie Goulding,Halcyon Days,Burn,3:52
The Veronicas,Hook Me Up (US Version),Untouched,4:14
Miley Cyrus,Party in the U.S.A.,Party in the U.S.A.,3:22
Death Cab for Cutie,Plans,Summer Skin,3:14
Death Cab for Cutie,Narrow Stairs,Cath...,3:49
Death Cab for Cutie,Narrow Stairs,I Will Possess Your Heart,8:04
Death Cab for Cutie,Codes and Keys,Codes And Keys,3:21
Vampire Weekend,Vampire Weekend,Oxford Comma,3:15
Brand New,Science Fiction,137,5:02
Jimmy Eat World,Bleed American (Deluxe Edition),The Middle,2:45
Death Cab for Cutie,Transatlanticism,We Looked Like Giants,5:32
Death Cab for Cutie,Plans,Marching Bands of Manhattan,4:12
Death Cab for Cutie,Plans,Crooked Teeth,3:25
Death Cab for Cutie,Plans,I Will Follow You Into The Dark,3:09
Death Cab for Cutie,Plans,Start Again,2:38
Death Cab for Cutie,Plans,Bad Reputation,4:15
Death Cab for Cutie,Plans,What Sarah Said,6:20
Death Cab for Cutie,Plans,Brothers on a Hotel Bed,4:31
Death Cab for Cutie,Plans,Someday You Will Be Loved,3:11
Death Cab for Cutie,Plans,Different Names for the Same Thing,5:08
Death Cab for Cutie,Plans,Stable Song,3:42
Death Cab for Cutie,Plans,Your Heart Is an Empty Room,3:39
Death Cab for Cutie,The Photo Album,We Laugh Indoors,4:58
Raffaella carrà,Fiesta,0303456 - 1999 vrs,3:20
Planeta No,Matucana,Ya No Veo Mis Zapatos,3:09
Paquita La Del Barrio,Mi Historia - Paquita la del Barrio,RATA DE DOS PATAS,3:36
Rihanna,Loud,What's My Name?,4:24
Lily Allen,Higher,Higher,4:08
Pet Shop Boys,Yes,Did You See Me Coming?,3:41
Panic! at the Disco,Live In Chicago,I Write Sins Not Tragedies - Live In Chicago,3:17
Gepe,Estilo Libre,Hambre,5:15
Britney Spears,The Essential Britney Spears,My Prerogative - Remastered,3:34
The Cribs,Men's Needs Women's Needs Whatever (Standard Version),Men's Needs,3:16
Miranda!,El Disco De Tu Corazón,Hola,3:05
Christina Aguilera,Stripped,Fighter,4:05
Julieta Venegas,Limón y Sal,Eres para mí,3:13
Miranda!,Sin Restricciones,Uno los dos,3:44
Miranda!,Sin Restricciones,Otra vez,3:03
Miranda!,Sin Restricciones,Quiero,3:45
Miranda!,Sin Restricciones,Hoy,3:18
Lorde,Melodrama,Green Light,3:54
Ellie Goulding,Delirium (Deluxe),On My Mind,3:33
Jason Derülo,Swalla (feat. Nicki Minaj & Ty Dolla $ign),Swalla (feat. Nicki Minaj & Ty Dolla $ign),3:35
Death Cab for Cutie,Transatlanticism,Tiny Vessels,4:22
Death Cab for Cutie,Transatlanticism,The New Year,4:08
CHVRCHES,Get Out,Get Out,3:07
will.i.am,Madagascar: Escape 2 Africa - Music From The Motion Picture,I Like To Move It,3:41
Miranda!,Sin Restricciones,Navidad,3:11
Lorde,Pure Heroine,Team,3:13
Iggy Azalea,Reclassified,Bounce,2:47
Carly Rae Jepsen,Kiss,Call Me Maybe,3:14
Spice Girls,Spice,Wannabe - Radio Edit,2:53
Ke$ha,Animal,Blah Blah Blah,2:52
Pedropiedra,Cripta y Vida,Vacaciones en el más allá,3:52
Britney Spears,Britney (Digital Deluxe Version),I'm a Slave 4 U,3:23
Robyn,Body Talk Pt. 1,Dancing on My Own,3:38
Madonna,Rebel Heart (Deluxe),Bitch I'm Madonna (feat. Nicki Minaj),3:47
Girls Aloud,Ten (Deluxe Edition),Something New,3:22
Lily Allen,Alright Still [Deluxe],Naïve - BBC Radio 1's Jo Whiley's Live Lounge,3:45
Gwen Stefani,Love Angel Music Baby,Rich Girl,3:56
Alessia Cara,Know-It-All (Deluxe),Here,3:19
Astrid S,Astrid S,Hurts So Good,3:28
David Guetta,One More Love [Spotify Sampler],Who's That Chick ? (feat. Rihanna) [Single Version],2:46
Katy Perry,Teenage Dream,Last Friday Night (T.G.I.F.),3:50
Nicki Minaj,The Pinkprint (International Deluxe Explicit),Anaconda,4:20
Vampire Weekend,Vampire Weekend,A-Punk,2:17
Death Cab for Cutie,Narrow Stairs,No Sunlight,2:40
Death Cab for Cutie,Transatlanticism,Transatlanticism,7:55
Death Cab for Cutie,Transatlanticism,Expo '86,4:11
Death Cab for Cutie,Transatlanticism,Passenger Seat,3:41
Death Cab for Cutie,Transatlanticism,Death of an Interior Decorator,2:56
Britney Spears,The Essential Britney Spears,Gimme More - Remastered,4:11
Javiera Mena,Esquemas juveniles,Sol de invierno,4:24
Britney Spears,The Essential Britney Spears,Break the Ice - Remastered,3:16
Britney Spears,The Essential Britney Spears,From the Bottom of My Broken Heart - Radio Edit - Remastered,4:34
Britney Spears,The Essential Britney Spears,Oops!...I Did It Again - Remastered,3:30
Lily Allen,Sheezus (Special Edition),L8 CMMR,3:26
The Pussycat Dolls,Doll Domination (Revised International Version),When I Grow Up,4:05
Echo & the Bunnymen,Songs to Learn & Sing,Bring On The Dancing Horses,3:58
The B-52's,Cosmic Thing,Junebug,5:04
Alphaville,Forever Young,Fallen Angel,3:55
A Flock of Seagulls,Playlist: The Very Best of A Flock of Seagulls,I Ran (So Far Away),5:02
Blondie,Atomic/Atomix,The Tide Is High,4:28
Soft Cell,Non-Stop Erotic Cabaret,Tainted Love,2:56
Pulp,Different Class,Mis-Shapes,3:46
Morrissey,Viva Hate [2011 - Remaster] (2011 Remastered Version),Everyday Is Like Sunday - 2011 Remastered Version,3:35
The Cure,Kiss Me Kiss Me Kiss Me,Just Like Heaven,3:18
a-ha,Hunting High and Low,Take on Me,3:46
Pet Shop Boys,Super,The Pop Kids,3:55
Death Cab for Cutie,Codes and Keys (Deluxe),Underneath the Sycamore,3:24
Britney Spears,Britney (Digital Deluxe Version),Overprotected - Radio Edit,3:18
Phoenix,Wolfgang Amadeus Phoenix,Girlfriend,3:24
Girls Aloud,Ten,Jump,3:39
Gwen Stefani,Love Angel Music Baby,Hollaback Girl,3:19
Cher,Cher's Greatest Hits: 1965-1992,The Shoop Shoop Song (It's in His Kiss),2:48
Lily Allen,It's Not Me It's You [Special Edition],Him,3:18
Lily Allen,Alright Still,Friend of Mine,3:57
Britney Spears,Blackout,Gimme More,4:11
Jennifer Lopez,Booty,Booty,3:23
Mariah Carey,E=MC²,Touch My Body,3:24
Astro,le disc de astrou,drogas mágicas,2:41
Nicole,Panal,Pequeñas Cosas Buenas,4:28
The Cure,Bestival Live 2011,Inbetween Days (Bestival Live 2011),2:58
Death Cab for Cutie,Narrow Stairs,You Can Do Better Than Me,1:59
Lily Allen,It's Not Me It's You [Special Edition],22,3:06
Billy Joel,The Essential Billy Joel,Uptown Girl,3:12
Lily Allen,It's Not Me It's You [Special Edition],Not Fair,3:21
The All-American Rejects,When the World Comes Down,Gives You Hell,3:34
The Pains of Being Pure at Heart,Heart in Your Heartbreak,Heart in Your Heartbreak,3:45
Teleradio Donoso,bailar y llorar,Bailar y Llorar,3:49
Death Cab for Cutie,Codes and Keys (Deluxe),Some Boys,3:11
CHVRCHES,Never Say Die,Never Say Die,4:23
Rooney,Rooney,Sorry Sorry,3:07
Panic! at the Disco,A Fever You Can't Sweat Out,Time to Dance,3:21
Death Cab for Cutie,Kintsugi,The Ghosts of Beverly Drive,4:04
Gepe,Audiovisión,Un Día Ayer,4:09
Alex Anwandter,Amiga,Manifiesto,3:29
Death Cab for Cutie,We Have the Facts and We're Voting Yes,For What Reason,2:52
Destiny's Child,Survivor,Survivor,3:49
Britney Spears,Oops!... I Did It Again,Lucky,3:25
Lily Allen,It's Not Me It's You,The Fear,3:27
The Veronicas,On Your Side,On Your Side,2:51
Girls Aloud,Ten (Deluxe Edition),Biology,3:37
Rihanna,Good Girl Gone Bad: Reloaded,Disturbia,3:58
Destiny's Child,The Writing's on the Wall,Say My Name,4:00
Death Cab for Cutie,Codes and Keys (Deluxe),Monday Morning,4:18
Death Cab for Cutie,Codes and Keys (Deluxe),Unobstructed Views,6:10
Death Cab for Cutie,Codes and Keys (Deluxe),St. Peter's Cathedral,4:30
Death Cab for Cutie,Codes and Keys (Deluxe),Home Is A Fire,4:04
Madonna,Celebration (double disc version),Vogue,5:16
Alex Anwandter,Amiga,Intentarlo Todo de Nuevo,4:28
Taylor Swift,1989,All You Had to Do Was Stay,3:13
Javiera Mena,Otra Era,Pide,3:28
No Doubt,Tragic Kingdom,Just a Girl,3:29
Yeah Yeah Yeahs,It's Blitz!,Heads Will Roll,3:42
The Pussycat Dolls,Hip Hop: The Collection 2008 [(Double) International Version],Don't Cha,4:32
The Postal Service,Give Up,Such Great Heights,4:26
Alex Anwandter,Rebeldes,Como una Estrella,3:53
Phoenix,Lisztomania,Lisztomania,4:02
Alex Anwandter,Rebeldes,Tatuaje,3:58
Shakira,MTV Unplugged,Ojos Así - En Vivo,6:50
Gepe,GP,Platina,3:39
Pulp,This Is Hardcore Deluxe Edition (2 CD ),Like A Friend,3:58
Dënver,Fuera de Campo,Revista De Gimnasia,3:52
Rooney,Rooney,I'm A Terrible Person,2:46
Mumm-Ra,What Would Steve Do?,What Would Steve Do?,2:50
Miranda!,Magistral,Tucán,3:13
The 1975,I Like It When You Sleep For You Are So Beautiful Yet So Unaware Of It,The Sound,4:08
Britney Spears,Glory (Deluxe Version),Make Me... (feat. G-Eazy),3:59
Miguel Bosé,Miguel,Don Diablo,3:45
Margaret Whiting,Grace and Frankie (Original Television Soundtrack),A Bushel And A Peck,2:02
The New Birth,The Very Best Of The,It's Impossible,3:25
Fifth Harmony,Fifth Harmony,Bridges,4:03
The Bravery,An Honest Mistake (Int'l ECD Maxi),An Honest Mistake,3:41
TV on the Radio,Young Liars,Young Liars,5:12
Bridgit Mendler,Atlantis (feat. Kaiydo),Atlantis (feat. Kaiydo),3:49
Jason Derülo,Tip Toe (feat. French Montana),Tip Toe (feat. French Montana),3:07
Sara Bareilles,Kaleidoscope Heart,Gonna Get Over You,4:16
Christina Aguilera,Stripped,Dirrty,4:58
Madonna,Celebration (double disc version),Don't Tell Me,4:40
Cher Lloyd,Sticks & Stones,Grow Up,3:00
Paris Hilton,Paris (U.S. Standard Version),Nothing in This World,3:10
Carly Rae Jepsen,Tug of War,Tug of War,3:45
Ciara,Goodies,Goodies,3:42
Natalia Kills,Trouble,Daddy's Girl,3:33
Charli XCX,Sucker,Boom Clap,2:50
Rihanna,Anti (Deluxe),Work,3:39
Ashley Tisdale,Headstrong,Be Good to Me,3:33
Sara Bareilles,Little Voice,Love Song,4:21
Nicki Minaj,Pink Friday,Super Bass,3:12
Rooney,When Did Your Heart Go Missing? (UK Version),When Did Your Heart Go Missing?,3:31
The Shins,Port of Morrow,Simple Song,4:15
The Walkmen,Everyone Who Pretended to Like Me Is Gone,We've Been Had,3:19
Stars,There Is No Love in Fluorescent Light,Fluorescent Light,3:48
Broken Social Scene,Broken Social Scene,Fire Eye'd Boy,3:58
Bright Eyes,Letting Off the Happiness,Touch,3:42
Phantom Planet,Raise the Dead,Do the Panic,3:02
Nada Surf,The O.C. Vol. 2 (U.S. Version),If You Leave,4:50
Guided by Voices,Bee Thousand,Tractor Rape Chain,3:05
Stars,The Five Ghosts,Dead Hearts,3:29
The New Pornographers,Challengers,Myriad Harbour,4:00
The Get Up Kids,Eudora,Close To Me,3:24
Youth Group,Casino Twilight Dogs,Sorry,3:29
The Academy Is...,Fast Times At Barrington High,About a Girl,3:39
Never Shout Never,Me And My Uke,Did It Hurt,2:04
Cher,Believe,Believe,4:00
Christina Aguilera,Mi Reflejo,Genio Atrapado,3:38
Glup!,Wellcome Polinesia,Grado 3,3:52
Astro,le disc de astrou,le golden ballon,2:01
Javier Barría,Folclor,Nuestro Folclor,2:51
Odisea,Odisea,Casa latina,6:32
Javiera Mena,Dentro de ti,Dentro de ti,3:41
OneRepublic,Dreaming Out Loud (International Version),Apologize,3:28
Rihanna,Good Girl Gone Bad,Umbrella,4:07
Lady Gaga,The Fame (Revised International Version),Poker Face,3:57
Vanessa Carlton,Be Not Nobody,A Thousand Miles,3:58
Britney Spears,In the Zone,Toxic,3:19
Lady Gaga,The Fame Monster (Explicit Version),Bad Romance,4:54
blink-182,Top Of The Pops 1995 - 2000,All the Small Things,2:48
Rihanna,Rated R,Rude Boy,3:44
Katy Perry,One of the Boys,I Kissed a Girl,3:00
Beyoncé,Dangerously in Love,Crazy in Love,3:55
Busted,Busted (International version),Year 3000,3:17
Dizzee Rascal,Tongue N' Cheek (Dirtee Deluxe Edition),Dance Wiv Me,3:24
OutKast,Speakerboxxx/The Love Below,Hey Ya! - Radio Mix / Club Mix,3:55
Shakira,Oral Fixation Vol. 2,Hips Don't Lie,3:40
Taylor Swift,Red,I Knew You Were Trouble,3:39
Taylor Swift,1989,Shake It Off,3:39
The Weeknd,Beauty Behind the Madness,Can't Feel My Face,3:36
Death Cab for Cutie,The Photo Album,I Was a Kaleidoscope,2:50
Death Cab for Cutie,The Photo Album,A Movie Script Ending,4:19
Lady Gaga,JOANNE (Deluxe),Million Reasons,3:25
White Lies,Ritual,Bigger Than Us,6:38
Vampire Weekend,Vampire Weekend,Cape Cod Kwassa Kwassa,3:33
The Libertines,The Libertines,The Man Who Would Be King,3:59
Alex Anwandter,Amiga,Siempre Es Viernes en Mi Corazón,3:39
Pedropiedra,Pedropiedra,Las niñas quieren,3:25
Nicki Minaj,The Pinkprint (International Deluxe Explicit),Pills N Potions,4:27
Kaiser Chiefs,Employment (B-Unique Version),Everyday I Love You Less and Less,3:37
Stars,There Is No Love in Fluorescent Light,Wanderers,4:01
The Get Up Kids,Music From The WB Television Series One Tree Hill (change in 1 track bundle status),Overdue,2:59
Rilo Kiley,Under The Blacklight (Standard Version),The Moneymaker,2:52
Phantom Planet,The Guest,Always on My Mind,3:27
Guided by Voices,Space Gun,Hudson Rake,1:44
Alex Anwandter,Amiga,Mujer,4:21
Justin Timberlake,Justified,Cry Me a River,4:48
Mika,Life in Cartoon Motion,Grace Kelly,3:08
Pedropiedra,Pedropiedra,Soy El Ring,3:11
Taylor Swift,1989 (Deluxe),Bad Blood,3:31
Fountains of Wayne,Welcome Interstate Managers,Stacy's Mom,3:18
Florence + the Machine,Between Two Lungs,You've Got the Love,2:49
The Killers,Hot Fuss (Deluxe Version),Mr. Brightside,3:53
Rihanna,Good Girl Gone Bad,Don't Stop the Music,4:29
Amy Winehouse,Back to Black,Rehab,3:34
Taio Cruz,The Rokstarr Hits Collection,Dynamite,3:23
Rihanna,Loud,S&M,4:03
Kelly Clarkson,Breakaway,Because of You,3:39
Jordin Sparks,Jordin Sparks,One Step at a Time,3:25
Javiera Mena,Mena,Ahondar en ti,3:20
Vampire Weekend,Vampire Weekend,M79,4:14
Broken Bells,After the Disco,No Matter What You're Told,3:50
Passion Pit,Gossamer,Carried Away,3:43
Vampire Weekend,Vampire Weekend,Walcott,3:39
Passion Pit,Kindred,Lifted Up (1985),4:23
Phoenix,Ti Amo,Telefono,3:45
Jay Farrar,One Fast Move Or I'm Gone Music From Kerouac's Big Sur,California Zephyr,2:23
Madonna,Who's That Girl Soundtrack,Causing A Commotion - Soundtrack,4:21
Wolfman,The Rough Trade Field Guide To Music Volume One,For Lovers,3:48
Madonna,Celebration (double disc version),Borderline,5:18
Miami Horror,All Possible Futures,Love Like Mine,4:11
Lana Del Rey,Honeymoon,High by the Beach,4:18
Will Butler,Policy (Deluxe Version),Anna,3:52
Javiera Mena,Mena,Hasta la verdad,4:52
Sum 41,All Killer No Filler,In Too Deep,3:27
Shakira,Grandes Exitos,Te Aviso Te Anuncio (Tango),3:47
Alex Anwandter,Rebeldes,Rebeldes,3:26
TV on the Radio,Return To Cookie Mountain,Wolf Like Me,4:38
Robyn,Body Talk,Call Your Girlfriend,4:41
Solange,A Seat at the Table,F.U.B.U.,5:13
Selena Gomez,Wolves,Wolves,3:17
The Pussycat Dolls,Doll Domination (International Deluxe Version),I Hate This Part,3:39
Gwen Stefani,This Is What the Truth Feels Like,Make Me Like You,3:36
Pedropiedra,Pedropiedra,Inteligencia Dormida,4:27
Glup!,Wellcome Polinesia,Enamorado De Ti,3:27
Kat DeLuna,9 Lives,Run The Show,3:13
Madonna,Celebration (double disc version),Into the Groove,4:40
Grimes,Art Angels,Flesh Without Blood,4:24
Britney Spears,The Essential Britney Spears,If U Seek Amy - Remastered,3:37
Spice Girls,Live From The NEC Arena In Birmingham (CD 2),Wannabe,2:52
Britney Spears,The Collection: Britney Spears,(You Drive Me) Crazy,3:17
Jessie J,Who You Are (Platinum Edition),Domino,3:51
Taylor Swift,It's Not Me It's You [Special Edition],22,3:51
Britney Spears,Blackout,Piece of Me,3:32
Panic! at the Disco,A Fever You Can't Sweat Out,I Write Sins Not Tragedies,3:06
Lana Del Rey,Music From Baz Luhrmann's Film The Great Gatsby,Young and Beautiful,3:47
CHVRCHES,Every Open Eye,Clearest Blue,3:53
Javiera Mena,Mena,Primera Estrella,4:08
Alex Anwandter,Rebeldes,Shanana,4:26
Tila Tequila,Stripper Friends,Stripper Friends,3:25
Teleradio Donoso,bailar y llorar,Granada,4:19
Owl City,Ocean Eyes,Fireflies,3:48
Shakira,Fijación Oral Volumen 1,La Tortura,3:35
Justin Bieber,Purpose (Deluxe),What Do You Mean?,3:24
Rihanna,Loud,Only Girl (In the World),3:55
One Direction,Up All Night,What Makes You Beautiful,3:17
Lady Gaga,The Fame Monster,Telephone (feat. Beyoncé),3:41
Literature,Chorus,New Jacket,3:18
The All-American Rejects,Move Along,Dirty Little Secret,3:14
Tony Dize,La Melodia De La Calle,Permitame,3:07
De Saloon,Abrazame,Déjalo,3:39
blink-182,blink-182 (UK Tour Edition),Feeling This,2:52
Belanova,Dulce Beat,Rosa Pastel,3:06
Fármacos,Los Días Más Largos,Despegarte de Mí,3:42
Javiera Mena,Otra Era,Los olores de tu alma,5:00
The Kooks,Inside In / Inside Out,Seaside,1:39
OK Go,Oh No,Here It Goes Again,3:25
Spice Girls,Spiceworld,Spice Up Your Life,2:53
Madonna,Celebration (double disc version),Holiday,6:08
One Direction,Midnight Memories (Deluxe),Story of My Life,4:04
Róisín Murphy,Overpowered,Overpowered,5:08
Cansei de Ser Sexy,Donkey,Move,3:53
Yelle,Complètement Fou,Un Jour Viendra,3:31
Alvvays,Antisocialites,Dreams Tonite,3:16
The Kooks,Junk of the Heart,Junk of the Heart (Happy),3:08
Grimes,Visions,Genesis,4:15
The Pretenders,Pretenders [Expanded & Remastered],Brass In Pocket - 2006 Remastered Version,3:05
Shawn Mendes,Illuminate (Deluxe),There's Nothing Holdin' Me Back,3:19
The 1975,I Like It When You Sleep For You Are So Beautiful Yet So Unaware Of It,Somebody Else,5:47
Lorde,Melodrama,Perfect Places,3:41
Jonas Blue,Perfect Strangers,Perfect Strangers,3:16
Raffaella carrà,Tutto Carra',En el Amor Todo Es Empezar (A far l'amore comincia tu) - Spanish Version,2:44
Death Cab for Cutie,Kintsugi,No Room In Frame,4:07
Britney Spears,Britney Jean (Deluxe Version),Now That I Found You,4:16
Marineros,El Lado Oscuro de Tu Corazón,El lado oscuro de tu corazón,3:42
Supernova,Supernova,Tu Y Yo,3:59
Florence + the Machine,Lungs (Deluxe Edition),Dog Days Are Over,4:13
Death Cab for Cutie,Narrow Stairs,Your New Twin Sized Bed,3:06
Death Cab for Cutie,Kintsugi,Good Help (Is So Hard to Find),4:47
Goldspot,Good News For People Who Love Bad News,Float On,2:39
Javiera Mena,Otra Era,La Joya,3:27
Sugarcult,Palm Trees and Power Lines,Memory,3:43
The Academy Is...,Fast Times At Barrington High,Summer Hair = Forever Young,3:38
Modest Mouse,Good News For People Who Love Bad News,Ocean Breathes Salty,3:47
Marineros,O marineros,Secretos,3:55
Boys Like Girls,Love Drunk,Love Drunk,3:52
Lily Allen,It's Not Me It's You (Special Edition),Who'd Have Known,3:52
Lily Allen,Sheezus (Deluxe Edition),Air Balloon,3:48
Death Cab for Cutie,Kintsugi,You've Haunted Me All My Life,4:16
Death Cab for Cutie,Something About Airplanes,Champagne From a Paper Cup,2:38
Death Cab for Cutie,The Photo Album,Blacking Out the Friction,3:27
Death Cab for Cutie,The Open Door EP,My Mirror Speaks,3:33
Death Cab for Cutie,Narrow Stairs,The Ice Is Getting Thinner,3:45
Death Cab for Cutie,Narrow Stairs,Grapevine Fires,4:08
Miley Cyrus,Younger Now,Malibu,3:52
Lily Allen,It's Not Me It's You [Special Edition],Chinese,3:28
Death Cab for Cutie,The Death Cab for Cutie Forbidden Love EP,Photobooth,3:46
Lana Del Rey,Ultraviolence (Deluxe),Florida Kilos,4:16
will.i.am,#willpower (Deluxe),Scream & Shout,4:42
Black Eyed Peas,Monkey Business,My Humps,5:26
Sia,Cheap Thrills,Cheap Thrills,3:31
Far East Movement,Free Wired,Like A G6,3:37
Black Eyed Peas,Monkey Business,Pump It,3:33
Usher,Confessions,Yeah!,4:10
Justin Timberlake,Man of the Woods,Supplies,3:45
Editors,Violence,Cold,3:38
Klaxons,Surfing the Void,Echoes,3:46
Gepe,GP,Fruta y Té,2:54
Talk Talk,It's My Life,It's My Life - 1997 Remastered Version,3:52
A Flock of Seagulls,80s 100 Hits,I Ran,3:56
Alphaville,Big In Japan / Seeds,Big in Japan - original,4:43
Phoenix,Wolfgang Amadeus Phoenix,Rome,4:38
Death Cab for Cutie,Twilight 'Forever' Love Songs From the Twilight Saga,Meet Me on the Equinox,3:44
Britney Spears,Illumination,Sometimes,4:05
Fergie,The Dutchess (Explicit Version),London Bridge,4:01
3OH!3,Want,Don't Trust Me,3:13
Miranda!,El Templo del Pop,Tu juego,4:04
The Libertines,The Libertines,What Became of the Likely Lads,3:20
Crystal Castles,Crystal Castles,Vanished,4:03
Britney Spears,The Essential Britney Spears,I'm A Slave 4 U - Remastered,3:23
Christina Aguilera,Christina Aguilera,What a Girl Wants,4:05
Britney Spears,...Baby One More Time (Digital Deluxe Version),...Baby One More Time,3:30
Phoenix,Alphabetical,Run Run Run,2:25
We Are Scientists,With Love And Squalor,This Scene Is Dead,3:43
Britney Spears,The Essential Britney Spears,3,3:33
Death Cab for Cutie,You Can Play These Songs With Chords,This Charming Man,2:14
Death Cab for Cutie,We Have the Facts and We're Voting Yes,Company Calls,3:19
Death Cab for Cutie,Something About Airplanes,Your Bruise,4:19
Death Cab for Cutie,We Have the Facts and We're Voting Yes,405,3:37
Death Cab for Cutie,The Open Door EP,Little Bribes,2:47
The Wombats,Proudly Present....A Guide To Love Loss & Desperation,Moving To New York,3:33
Babyshambles,Down in Albion,Killamangiro,3:13
TV on the Radio,Dear Science,DLZ,3:49
Pulp,Different Class / Deluxe Edition,Common People,5:51
Javiera Mena,Mena,El Amanecer,3:42
Britney Spears,Circus (Deluxe Version),Circus,3:12
Britney Spears,Circus (Deluxe Version),If U Seek Amy,3:37
Britney Spears,Criminal (Remixes),Criminal - Varsity Team Mixshow,5:22
Britney Spears,Hold It Against Me (Remixes),Hold It Against Me - Funk Generation (Radio Remix),3:48
Britney Spears,Oops!... I Did It Again,Oops!...I Did It Again,3:31
The All-American Rejects,The All-American Rejects,Swing Swing,3:53
Lily Allen,Sheezus (Deluxe Edition),URL Badman,3:39
The Libertines,Anthems For Doomed Youth (Deluxe),You're My Waterloo,4:19
Azealia Banks,Broke with Expensive Taste,Heavy Metal and Reflective,2:36
Madonna,Celebration (double disc version),Material Girl,3:51
Lily Allen,Three,Three,3:39
evening glow,Perfect Harmony EP,Love Tonight,3:59
Destiny's Child,Survivor,Bootylicious,3:29
Javiera Mena,Esquemas juveniles,Yo no te pido la luna,3:43
Tom Jones,Velvet + Steel = Gold - Tom Jones 1964-1969,It's Not Unusual,2:03
Fármacos,Quiero Conocer Tu Mundo,Quiero Conocer Tu Mundo,3:50
CHVRCHES,My Enemy,My Enemy,3:53
Britney Spears,Greatest Hits: My Prerogative,Do Somethin',3:22
Lily Allen,Alright Still [Deluxe],Smile,3:16
Alex Anwandter,Sin Restricciones,Traición,4:16
Supernova,Supernova,Toda La Noche,3:43
Gepe,Hungría,Celosía,4:37
Vicente Fernández,Historia De Un Idolo Vol.II,El Rey,2:34
Dënver,Fuera de Campo,profundidad de campo,3:49
Alex Anwandter,Rebeldes,Felicidad,3:36
Albert Neve,Party,Party,3:11
Martin Solveig,Do It Right,Do It Right,3:33
Disclosure,Bang That,Bang That,5:26
Glasvegas,Glasvegas,It's My Own Cheating Heart That Makes Me Cry,4:25
Banque De France,Ti Amo Diaries A,Early Ti Amo A,0:38
Banque De France,Ti Amo Diaries B,Early J-Boy,0:59
Tom Jones,The Origins,It s Not Unusual,2:26
Sonic Youth,Rather Ripped (International Version),Incinerate,4:55
Arctic Monkeys,AM,Do I Wanna Know?,4:32
The Cure,Wish,Friday I'm in Love,3:39
The Human League,Dare!,Don't You Want Me - 2002 - Remaster,3:57
The Cure,Kiss Me Kiss Me Kiss Me (Deluxe Edition),Why Can't I Be You?,3:11
The Cure,The Head On The Door (Deluxe Edition),Close to Me,3:23
Phoenix,Wolfgang Amadeus Phoenix,Armistice,3:04
The Pains of Being Pure at Heart,When I Dance With You,When I Dance With You,4:47
The Pointer Sisters,Fire! The Very Best of The Pointer Sisters,Jump (For My Love),3:56
Britney Spears,The Essential Britney Spears,Till the World Ends,3:58
Bright Eyes,I'm Wide Awake It's Morning,At the Bottom of Everything,4:34
Rooney,Rooney,I'm Shakin',3:34
Javiera Mena,Otra Era,Espada,4:14
The White Stripes,White Blood Cells,Fell in Love With a Girl,1:50
Lily Allen,Alright Still [Deluxe],LDN,3:10
Rooney,Rooney,Blueside,3:18
Beulah,The O.C. Vol. 2 (U.S. Version),Popular Mechanics for Lovers,3:04
Bright Eyes,I'm Wide Awake It's Morning,Road to Joy,3:54
Youth Group,Casino Twilight Dogs,Forever Young,4:31
The Clash,Hits Back,I Fought the Law,2:26
Tix,Habbo Club 2015,Habbo Club 2015,3:08
Gabriella Cilmi,The Sting,Left With Someone Else,3:15
Gabriella Cilmi,Lessons to Be Learned,Sweet About Me,3:16
Bendik,Perfekt,Perfekt,3:20
Shakira,Grandes Exitos,Si te vas,3:38
Britney Spears,The Essential Britney Spears,Womanizer - Remastered,3:43
Gepe,Audiovisión,12 Minerales,3:32
Britney Spears,The Essential Britney Spears,Hold It Against Me,3:49
Lily Allen,It's Not Me It's You [Special Edition],Back to the Start,4:14
Lily Allen,It's Not Me It's You [Special Edition],He Wasn't There,2:52
Marineros,O marineros,Espero,4:26
Miranda!,Sin Restricciones,Vuelve a ti,2:58
Paris Hilton,Paris (U.S. Standard Version),Stars Are Blind,3:58
Two Door Cinema Club,Beacon,Sun,3:04
Phoenix,Alphabetical,Everything Is Everything,3:00
The Jesus and Mary Chain,Damage and Joy,The Two of Us,4:12
The Kooks,Inside In / Inside Out,She Moves in Her Own Way,2:49
Violeta Parra,El Folklore Y La Pasión,La jardinera,1:54
Sonic Youth,Daydream Nation (Deluxe Edition),Teen Age Riot (album version),6:58
The Smiths,The Queen Is Dead,Bigmouth Strikes Again - 2011 Remastered Version,3:13
Bloc Party,Silent Alarm (U.S. Version),This Modern Love,4:25
Two Door Cinema Club,Tourist History,What You Know,3:11
Bombay Bicycle Club,Evening/Morning,You Already Know,4:21
Javiera Mena,Esquemas juveniles,Casan (No puedo bloquear lo que quiero dar),4:30
Britney Spears,Blackout,Radar,3:49
Planeta No,Odio,Odio,3:09
Ariana Grande,My Everything (Deluxe),Problem,3:13
Soda Stereo,Obras Cumbres (Parte 2),Danza Rota,3:35
Drake,Nothing Was The Same (Deluxe),Hold On We're Going Home,3:43
Elvis Presley,Elvis 30 #1 Hits,(Marie's the Name) His Latest Flame,2:06
Dënver,Sangre Cita,Noche profunda,3:05
The All-American Rejects,Move Along,Move Along,3:59
Daughtry,Daughtry (Deluxe Edition),It's Not Over,3:35
blink-182,Enema of the State,What's My Age Again?,2:28
Morrissey,Viva Hate [2011 - Remaster] (2011 Remastered Version),Suedehead - 2011 Remastered Version,3:55
blink-182,blink-182,Always,4:17
All Time Low,So Wrong It's Right (Deluxe Version),Remembering Sunday,4:16
Boys Like Girls,Boys Like Girls,Hero/Heroine,3:44
Marineros,O marineros,Oh Oh,3:33
The Knocks,55,Purple Eyes (Feat. Phoebe Ryan),3:03
Alex Anwandter,Amiga,Cordillera,4:22
Shakira,Laundry Service,Eyes Like Yours (Ojos Así),3:58
Javiera Mena,Esquemas juveniles,Esquemas juveniles,3:34
Four Year Strong,Little Voice,Love Song,3:03
Mayday Parade,Doll Domination (Revised International Version),When I Grow Up,3:38
Phoenix,Ti Amo,Lovelife,2:29
Escape the Fate,Supernatural (Remastered),Smooth,3:58
Los Prisioneros,La Voz de los '80 (Edición 30 Años),Mentalidad Televisiva,4:16
Arctic Monkeys,AM,Why'd You Only Call Me When You're High?,2:41
Phoenix,Wolfgang Amadeus Phoenix,Lasso,2:48
Phoenix,Bankrupt!,S.O.S. in Bel Air,3:43
Phoenix,Bankrupt! (Deluxe),Bankrupt!,6:57
Phoenix,United,School's Rules,1:31
Phoenix,Wolfgang Amadeus Phoenix,Love Like a Sunset Part I,5:38
Phoenix,Alphabetical,Congratulations - Revisited,1:07
Phoenix,Bankrupt!,The Real Thing,3:23
Phoenix,Ti Amo,Via Veneto,2:41
Phoenix,Alphabetical,Love for Granted,4:24
Phoenix,Bankrupt! (Deluxe),Drakkar Noir,3:22
Phoenix,Wolfgang Amadeus Phoenix,Love Like a Sunset Part II,1:56
Phoenix,It's Never Been Like That (Deluxe Version),Napoleon Says,3:13
Phoenix,United,Funky Squaredance (Part 1/2/3) (Medley),9:39
Phoenix,Bankrupt!,Oblique City,3:30
Phoenix,It's Never Been Like That,Courtesy Laughs,3:14
Phoenix,It's Never Been Like That (Deluxe Version),Napoleon Says (Live),3:03
Phoenix,It's Never Been Like That (Deluxe Version),Sometimes In The Fall (Live),6:07
Miranda!,Es Mentira,Imán,4:18
Miranda!,Magistral,Dice Lo Que Siente,3:30
Miranda!,Miranda es imposible!,Lo que siento por ti,3:12
Miranda!,Es Mentira,Mentira,3:53
Miranda!,Fuerte,En Esta Noche,2:53
Miranda!,Miranda es imposible!,El Showcito,3:16
Dënver,Música Gramática Gimnasia,Lo que quieras,4:31
Michael Jackson,Michael Jackson's This Is It,Beat It - Single Version,4:18
Men at Work,The Best Of Men At Work: Contraband,Down Under,3:44
Fleetwood Mac,Tango in the Night,Everywhere,3:41
Miguel Bosé,Bandido,Amante Bandido,4:31
Miguel Bosé,Sereno,Morena Mía,4:51
Nelly Furtado,Live Lounge 2,Maneater,3:17
Los Prisioneros,Grandes Exitos,¿Quién Mató a Marilyn?,3:09
Pet Shop Boys,Actually: Further Listening 1987-1988,What Have I Done To Deserve This? (With Dusty Springfield) - 2001 Remastered Version,4:20
Taylor Swift,Red,I Knew You Were Trouble.,3:38
Teleradio Donoso,Gran Santiago,Eras mi persona favorita,3:48
New Order,Brotherhood [Collector's Edition],Bizarre Love Triangle,6:42
Yelle,Romeo,Romeo,3:30
Michael Cera,Best I Can (feat. Sharon Van Etten),Best I Can (feat. Sharon Van Etten),3:19
Sonido Gallo Negro,Mambo Cósmico,Mambo Cósmico,3:58
Boom Boom Kid,Okey Dokey,Kitty,1:56
Saba Lou,Until The End - Single,Good Habits (and Bad),2:00
Kate Nash,Made of Bricks (International Version),Merry Happy,5:28
Disclosure,Caracal (Deluxe),Magnets,3:36
Marineros,O marineros,Brisa,4:08
Fármacos,Abril,Abril,3:00
Anni B Sweet,Start Restart Undo (Reedición),Take On Me,3:11
Marineros,O marineros,Submarino,4:45
Jennifer Lopez,On the 6,Let's Get Loud,3:59
Paris Hilton,Good Time,Good Time,3:37
The Veronicas,The Veronicas,If You Love Someone,3:00
Katy Perry,Katy Perry - Teenage Dream: The Complete Confection,Teenage Dream,3:47
Le Tigre,Feminist Sweepstakes,Fake French,2:53
Justice,A Cross The Universe,tthhee ppaarrttyy [live],2:46
Jennifer Lopez,On the Floor,On the Floor (feat. Pitbull),3:51
Tove Lo,Queen of the Clouds,Talking Body,3:58
Beyoncé,B'Day Deluxe Edition,Irreplaceable,3:48
t.A.T.u.,200 KM/H In The Wrong Lane (10th Anniversary Edition),A Simple Motion,2:48
Ana Gabriel,30 Grandes Exitos Un Tu Corazon,Cosas del Amor,4:15
Miley Cyrus,Bangerz (Deluxe Version),We Can't Stop,3:51
Kylie Minogue,Fever (Deluxe Version),Can't Get You Out of My Head,3:51
Phoenix,Ti Amo,Role Model,4:35
Planeta No,Matucana - EP,64,2:28
Blondie,Atomic: The Very Best of Blondie,One Way or Another,3:31
Alexis & Fido,Sobrenatural,5 Letras,3:15
Good Charlotte,Good Charlotte/The Young And The Hopeless,The Anthem,2:55
Britney Spears,Greatest Hits: My Prerogative,My Prerogative,3:33
Miranda!,Fuerte,Lejos de Mi Alcance,3:06
Ying Yang Twins,Kings of Crunk,Get Low,3:34
The Notorious B.I.G.,Life After Death (Deluxe Version),Hypnotize,3:50
Black Eyed Peas,Elephunk,Where Is the Love,4:46
Sean Kingston,Beautiful Girls,Beautiful Girls,4:01
Jessie J,Who You Are (Platinum Edition),Price Tag,3:42
Jason Mraz,We Sing. We Dance. We Steal Things.,I'm Yours,4:03
Pitbull,Planet Pit (Deluxe Version),Give Me Everything,4:12
Chris Brown,F.A.M.E.,Yeah 3X,4:00
Rihanna,Back to Black,Rehab,4:54
Fall Out Boy,Infinity On High (Deluxe Edition),Thnks fr th Mmrs,3:23
Belanova,Dulce Beat,Me Pregunto,3:05
Emilia,Molesto,Molesto,3:51
Musique Le Pop,Turn to sand,Turn to sand,4:06
Broken Bells,It's That Talk Again,It's That Talk Again,4:01
Simple Plan,Still Not Getting Any,Welcome to My Life,4:53
Shakira,MTV Unplugged,Si Te Vas - En Vivo,3:56
Shakira,Live & Off the Record,Si Te Vas - Live,4:37
Shakira,Live From Paris,She Wolf - Live Version,4:19
Willow Smith,21st Century Girl,21st Century Girl,3:01
Beyoncé,4,Run the World (Girls),3:56
The Section Quartet,Give Up,Such Great Heights,4:38
Los Prisioneros,Corazones,Corazones Rojos,3:30
Alesso,Falling,Falling,3:22
Phoenix,Ti Amo,Tuttifrutti,3:52
The Saturdays,On Your Radar,Notorious,3:29
Mika,Life in Cartoon Motion,Love Today,5:40
Peter Bjorn and John,Gimme Some,Second Chance,4:12
The Shins,Oh Inverted World,New Slang,4:34
Foals,Antidotes,Cassius,3:49
OK Go,Hungry Ghosts,I Won't Let You Down,3:42
Lily Allen,It's Not Me It's You,Fuck You,3:43
Alex & Daniel,Alex & Daniel,Mundo Real,4:20
A Flock of Seagulls,Listen,Over The Border,5:02
Orchestral Manoeuvres in the Dark,The OMD Singles,Locomotion,3:46
Dead or Alive,Youthquake,You Spin Me Round (Like a Record),4:27
Eurythmics,Touch,Here Comes The Rain Again,5:05
Lily Allen,Sheezus (Special Edition),Our Time,4:19
Depeche Mode,Speak And Spell (Remastered),Just Can't Get Enough - Remastered,3:40
Depeche Mode,The Singles 86>98,Strangelove,4:56
Pet Shop Boys,Electric,Love Is a Bourgeois Construct,6:41
The Weeknd,Starboy,I Feel It Coming,4:29
Blondie,Best of Blondie,Heart of Glass,3:58
Shakira,Sale el Sol,Rabiosa,2:52
Britney Spears,Greatest Hits: My Prerogative,(You Drive Me) Crazy - The Stop Remix!,3:18
The Smashing Pumpkins,Mellon Collie and the Infinite Sadness (2012 - Remaster),Tonight Tonight,4:19
The La's,The La's,There She Goes,2:42
Good Shoes,Think Before You Speak,Sophia,3:11
Good Shoes,Think Before You Speak,Nazanin,2:05
Good Shoes,No Hope No Future (Bonus Tracks Version),The Way My Heart Beats,2:34
Good Shoes,Think Before You Speak,Small Town Girl,3:39
Pixies,Surfer Rosa (Remastered),Where Is My Mind?,3:42
The Clash,London Calling,Train in Vain - Remastered,3:12
The Cure,Three Imaginary Boys (Deluxe Edition),Boys Don't Cry,2:35
Duran Duran,Duran Duran [The Wedding Album],Come Undone,4:45
Simple Minds,Celebrate Greatest Hits,Don't You (Forget About Me),4:20
Erasure,Chorus,Love to Hate You,3:56
New Order,Get Ready,Crystal,6:51
The Pains of Being Pure at Heart,My Only,My Only,4:58
Orchestral Manoeuvres in the Dark,Crush,Secret,3:57
Pet Shop Boys,Actually: Further Listening 1987-1988,It's A Sin - 2001 Remastered Version,4:59
Kate Nash,Made of Bricks,Foundations,4:05
Cold War Kids,Love Is Mystical,Love Is Mystical,3:34
Ed Sheeran,÷ (Deluxe),Shape of You,3:50
NONONO,We Are Only What We Feel,Pumpin Blood,3:29
Iron & Wine,Give Up,Such Great Heights,4:10
Planeta No,Odio,El campo,3:52
Alex Anwandter,Amiga,Te Enamoraste,4:02
Los Prisioneros,Corazones,Estrechez De Corazón,6:22
Los Prisioneros,Corazones,Cuéntame Una Historia Original,3:46
Los Prisioneros,Corazones,Tren Al Sur,5:35
Dënver,Sangre Cita,Los Vampiros (feat. Me Llamo Sebastián),4:24
Hot Rod,I Like To Fuck,I Like to Fuck,3:12
Kylie Minogue,Fever,In Your Eyes,3:18
Pet Shop Boys,Ultimate,West End Girls,4:01
Miguel Bosé,Colección Definitiva,Fuego,3:26
Aqua,Pop Party (International Version),Barbie Girl,3:16
Pet Shop Boys,Discography: The Complete Singles Collection,Being Boring,4:51
Jimmy Somerville,Homage,This Hand,3:30
Kylie Minogue,Aphrodite,Can't Beat the Feeling,4:11
Belinda Carlisle,Belinda Carlisle - The Collection,Leave a Light On,4:16
ABC,The Lexicon Of Love II,Kiss Me Goodbye,4:53
Kylie Minogue,Light Years,On a Night Like This,3:33
Tears for Fears,My Girls,My Girls,4:36
Johnny Cash,Unearthed,Hurt,3:38
Lana Del Rey,Summer Bummer,Summer Bummer (feat. A$AP Rocky & Playboi Carti),4:20
Dënver,Música Gramática Gimnasia,Diane Keaton,3:52
Dromedarios Mágicos,Estudios Universitarios,Todas Esas Fiestas,3:02
Fifth Harmony,Reflection (Deluxe),Worth It,3:44
Dënver,Música Gramática Gimnasia,Los adolescentes,6:47
Panic! at the Disco,Live In Chicago,Time To Dance - Live In Chicago,3:53
Panic! at the Disco,Live In Chicago,That Green Gentleman [Things Have Changed] - Live In Chicago,3:14
Panic! at the Disco,A Fever You Can't Sweat Out,But It's Better If You Do,3:26
Billy Joel,The Essential Billy Joel,Piano Man,5:36
Panic! at the Disco,Live In Chicago,Lying is the Most Fun a Girl Can Have Without Taking Her Clothes Off - Live In Chicago,3:05
Panic! at the Disco,Live In Chicago,Nine In The Afternoon - Live In Chicago,2:53
Mykki Blanco,Spring/Summer 2014,Wish You Would (feat. Princess Nokia),2:52
Javiera Mena,Esquemas juveniles,Como siempre soñé,4:50
Panic! at the Disco,I Write Sins Not Tragedies,I Write Sins Not Tragedies - MTV VMA Performance 2006,3:32
Lady Gaga,The Fame (Revised International Version),Beautiful Dirty Rich,2:53
Katy Perry,Katy Perry - Teenage Dream: The Complete Confection,Peacock,3:51
The Saturdays,On Your Radar,White Lies,4:04
Ariana Grande,Focus,Focus,3:31
Cholita Sound,ponte free,Choquechinchay El Jaguar,4:00
Lily Allen,It's Not Me It's You,Everyone's at It,4:38
Chetes,Stereotipos - Remixes,Sueños Perfectos,3:49
Ruido Rosa,Ruido Rosa,Miedo a Caer,3:05
Mon Laferte,Mon Laferte (Vol. 1),Tu Falta De Querer,4:39
Supernova,Supernova,Maldito Amor,3:39
Madonna,Celebration,4 Minutes,3:09
Julieta Venegas,Julieta Venegas - MTV Unplugged,Andar Conmigo (Unplugged) (En Vivo),3:59
Dënver,Música Gramática Gimnasia,En Medio De Una Fiesta,3:56
Raffaella carrà,Tutto Carra',0303456,3:21
Phoenix,Ti Amo,Fior Di Latte,4:03
Pet Shop Boys,Discography: The Complete Singles Collection,Domino Dancing,4:18
The Cure,Greatest Hits,Cut Here,4:10
Yelle,Complètement Fou,Ba$$in,2:59
Ke$ha,Cannibal,We R Who We R,3:20
Locomia,Party Time,Party Time,5:50
Selena Gomez,Revival (Deluxe),Same Old Love,3:49
Madonna,Celebration (double disc version),Celebration,7:25
Marina & the Diamonds,The Family Jewels,Oh No!,3:02
tUnE-yArDs,Nikki Nack,Water Fountain,3:03
Sugababes,Change (NON EA VERSION),About You Now,3:32
Lily Allen,It's Not Me It's You [Special Edition],22 (Acoustic),3:08
Dënver,Totoral,Miedo a Toparme Contigo,4:06
Primal Scream,Evil Heat,Some Velvet Morning,3:50
Palito Ortega,Palito y Sus Inolvidables Canciones,Despeinada (Remastered),2:34
Yelle,Pop Up,Tu Es Beau,5:47
Yelle,Complètement Fou,Complètement Fou,3:52
Yelle,Pop Up,Je Veux Te Voir,4:21
Fergie,The Dutchess,Big Girls Don't Cry (Personal),4:16
Rita Ora,I Will Never Let You Down,I Will Never Let You Down,3:23
Lana Del Rey,Paradise,Blue Velvet,2:39
Lana Del Rey,Ultraviolence (Deluxe),Old Money,4:31
Lana Del Rey,Born to Die,Summertime Sadness,4:25
Britney Spears,The Singles Collection,Overprotected - Album Version - 2009 Remaster,3:19
Britney Spears,The Essential Britney Spears (Remastered),Do Somethin' - Remastered,3:23
Tove Lo,Lady Wood,Cool Girl,3:19
Big Big Love,Friendship,Tibias,5:00
Denise Rosenthal,El blog de la Feña,Si Tú Me Quieres,3:04
Madonna,Sticky & Sweet Tour,Miles Away - Live Bonus Track,4:49
Madonna,Celebration,Papa Don't Preach,4:29
Madonna,Celebration,La Isla Bonita,4:02
Madonna,Celebration,Open Your Heart,4:12
Madonna,Casino Twilight Dogs,Sorry,4:54
Miranda!,Fuerte,Ahora Que Soy Cantante,3:03
Mon Laferte,Amárrame,Amárrame,3:27
Lady Gaga,JOANNE (Deluxe),Just Another Day,2:58
Katy Perry,Katy Perry - Teenage Dream: The Complete Confection,Part of Me,3:36
t.A.T.u.,Waste Management,Running Blind,3:41
Ariana Grande,Yours Truly,Daydreamin',3:31
Gwen Stefani,This Is What the Truth Feels Like,Naughty,3:08
Fifth Harmony,Reflection (Deluxe),BO$$,2:51
Elandh,Si Me Esperas Voy,Si Me Esperas Voy,4:17
Yuri,Acompañame,Para decir adiós,4:17
Thalía,LATINA,Desde Esa Noche,3:48
The Killers,Sawdust,Tranquilize,3:45
Bloc Party,Four,Truth,3:26
Franz Ferdinand,Franz Ferdinand,The Dark of the Matinée,4:03
Kasabian,48:13 (Deluxe),(Shiva),1:07
Carly Rae Jepsen,Emotion,Your Type,3:20
Jennifer Lopez,Dance Again...The Hits,Dance Again,3:57
Kelis,Food,Bless the Telephone,2:31
Lady Gaga,Born This Way (International Special Edition Version),Scheiße,3:45
Girls Aloud,Ten (Deluxe Edition),No Good Advice,3:48
Katy Perry,PRISM (Deluxe),This Is How We Do,3:23
Janet Jackson,Janet,If,4:31
Sophie Ellis-Bextor,Read My Lips,Murder on the Dancefloor,3:37
Nelly Furtado,Whoa Nelly! (Special Edition),Turn Off the Light,4:36
Miranda!,Safari,Nadie como tú - Versión acústica,3:05
Kali Mutsa,Souvenance,El jardín,3:43
Lana Del Rey,Ultraviolence (Deluxe),Brooklyn Baby,5:52
Lana Del Rey,Born to Die - The Paradise Edition,Video Games,4:02
The Smiths,You Can Play These Songs With Chords,This Charming Man,2:43
We Are Scientists,With Love And Squalor,Lousy Reputation,2:37
Miami Horror,All Possible Futures,Wild Motion (Set It Free),5:32
Miami Horror,All Possible Futures,American Dream,3:39
Miami Horror,The Shapes,Azimba,3:46
Miami Horror,The Shapes,Trapeze,3:52
Miami Horror,The Shapes,Leila,5:18
Miami Horror,Real Slow (Remixes),Real Slow (Robotaki Remix),4:55
Miami Horror,Illumination,Echoplex (feat. MAI),4:25
Miami Horror,Illumination,Sometimes,4:14
Miami Horror,The Shapes,Sign of the Times,4:39
Miami Horror,The Shapes,Leila (En Español),3:46
Miami Horror,The Shapes,Dark Love,3:39
Justice,A Cross The Universe,D.A.N.C.E Part 2,2:40
Justice,Woman,Love S.O.S,5:04
Justice,Woman,Stop,4:57
Justice,Woman,Alakazam !,5:11
Clubfeet,Heirs & Graces,Acapulco & LA,4:35
Miami Horror,All Possible Futures,Out of Sight,4:48
Yuri,Soy Así,Yo Te Amo Te Amo,3:22
Boys Like Girls,Boys Like Girls,The Great Escape,3:36
DJ Snake,Encore,Let Me Love You,3:25
Au Pairs,Stepping Out of Line - The Anthology,It's Obvious,3:55
Fármacos,Los Días Más Largos,Nuestra Piel,3:30
Miranda!,Safari,Extraño,3:57
Madonna,Celebration (double disc version),Dress You Up,4:02
Madonna,Celebration (double disc version),Everybody,4:54
Madonna,Celebration (double disc version),Music,3:45
Madonna,Celebration (double disc version),Beautiful Stranger,4:21
Madonna,Celebration (double disc version),Miles Away,4:49
Gwen Stefani,This Is What the Truth Feels Like (Deluxe),Getting Warmer,3:24
Miami Horror,Illumination,I Look To You (feat. Kimbra),3:53
The Strokes,Is This It,Someday,3:07
Britney Spears,The Singles Collection,Thinkin' About You - 2009 Remaster,3:35
Britney Spears,Femme Fatale (Deluxe Version),Criminal,3:45
Ed Sheeran,÷ (Deluxe),Happier,3:27
Ed Sheeran,÷ (Deluxe),Bibia Be Ye Ye,2:57
Lily Allen,Alright Still,Not Big,3:16
Miami Horror,All Possible Futures,Who Is Gonna Save Us?,4:15
Miami Horror,All Possible Futures,Forever Ever?,6:05
Miami Horror,All Possible Futures,Stranger,4:16
Miami Horror,All Possible Futures,(Maybe I Need You),1:19
Miami Horror,All Possible Futures,(Happy without You),2:24
CHVRCHES,Every Open Eye (Extended Edition),Afterglow,3:14
CHVRCHES,Every Open Eye (Extended Edition),Empty Threat,3:28
CHVRCHES,Every Open Eye (Extended Edition),Playing Dead,3:36
CHVRCHES,Every Open Eye (Special Edition),Follow You,3:54
CHVRCHES,Every Open Eye (Special Edition),Leave a Trace,3:57
CHVRCHES,The Bones of What You Believe (Special Edition),Lies,6:31
CHVRCHES,Every Open Eye (Extended Edition),Never Ending Circles,3:07
CHVRCHES,Every Open Eye (Special Edition),Get Away,4:40
CHVRCHES,The Bones of What You Believe (Special Edition),Tether,4:46
Fármacos,Estado de Gracia,Eternidad,4:14
Whitney Houston,Whitney,I Wanna Dance with Somebody (Who Loves Me),4:50
Cyndi Lauper,The Best Of The 80's,Girls Just Want to Have Fun,3:55
The Libertines,Time for Heroes - The Best of the Libertines,Time for Heroes,2:40
Django Django,Django Django,Storm,3:14
Django Django,Django Django,Zumm Zumm,5:19
Hot Chip,In Our Heads (Expanded Edition),These Chains,4:15
Hot Chip,Made in the Dark,Ready for the Floor,3:53
Foals,Holy Fire,Out of The Woods,3:25
Gypsy & The Cat,Inside Your Mind,Inside Your Mind,3:45
The Knocks,HEAT (feat. Sam Nelson Harris),HEAT (feat. Sam Nelson Harris),3:52
Clubfeet,Canyons,Canyons,4:09
De Saloon,Morder,Hablar Hacia Atras,4:02
Dënver,Fuera de Campo,Tu Peor Rival,5:26
Diego Lorenzini,Tiempos Mozos,Tiempos Mozos,4:02
Justice,Cross,Stress,7:38
Justice,Visions,Genesis,3:56
Kids of 88,Just A Little Bit,Just A Little Bit,3:00
Rihanna,Talk That Talk,Where Have You Been,4:02
Mon Laferte,Mon Laferte (Vol. 1/ Edicion Especial),El Diablo,4:04
CHVRCHES,The Bones of What You Believe (Special Edition),Gun,3:53
Owl City,Ocean Eyes,The Saltwater Room,4:56
Owl City,All Things Bright and Beautiful,Alligator Sky,3:17
Owl City,Ocean Eyes,Vanilla Twilight,3:52
Soda Stereo,En el Séptimo Día (SEP7IMO DIA),En el Séptimo Día (SEP7IMO DIA),3:03
Julieta Venegas,Julieta Venegas - MTV Unplugged,Algo Esta Cambiando (Unplugged) (En Vivo),4:11
Namuel,Folclórico,Babycakes (Las Medallas),3:16
Los Jaivas,Aconcagua,Mambo de Machaguay,4:24
Miranda!,Quiero Vivir a Tu Lado,Quiero Vivir a Tu Lado,3:16
Julieta Venegas,Julieta Venegas - MTV Unplugged,Lento (Unplugged) (En Vivo),4:26
Julieta Venegas,Julieta Venegas - MTV Unplugged,Limon Y Sal (Unplugged) (En Vivo),3:41
Gepe,Estilo Libre,Invierno,3:36
Lana Del Rey,Love,Love,4:33
Portugal. The Man,Evil Friends,Atomic Man,3:49
The Police,Ghost In The Machine (Remastered),Every Little Thing She Does Is Magic,4:20
Protistas,Las Cruces,Tatuaje Conmemorativo,3:34
Protistas,bailar y llorar,Granada,4:05
Hailee Steinfeld,Haiz,Rock Bottom,3:18
Hailee Steinfeld,Starving,Starving,3:01
Miami Horror,Colours in the Sky,Colours in the Sky,4:11
Julieta Venegas,Otra Cosa,Debajo De Mi Lengua,2:41
Los Lobos,Just Another Band from East L.A.: A Collection,La Bamba,2:48
Kate Nash,Made of Bricks,Dickhead,3:43
Mystery Jets,Serotonin,Serotonin,3:17
Drake,Views,One Dance,2:54
Rihanna,Talk That Talk (Deluxe Explicit Edition),We Found Love (feat. Calvin Harris),3:35
Selena Gomez,Stars Dance,Come & Get It,3:51
Nouvelle Vague,Best of Blondie,Heart of Glass,3:34
Nouvelle Vague,Best Of,Ever Fallen in Love,3:19
The Ettes,Do You Want Power,Take It With You,3:24
Timbaland,Shock Value (UK Version),Scream,5:41
Motörhead,Ace Of Spades (Reissue - Expanded Bonus Track Edition),Ace of Spades,3:08
Max Richter,Blue Notebooks,Organum,3:13
NSM PSM,Metal Disco,Metal Disco,5:34
Edgar Van De Wingard,Planet Snorkel,Saviour,3:52
The Ettes,Look At Life Again Soon,Crown Of Age,2:15
Susanna and the Magical Orchestra,List of Lights and Buoys,Believer,3:26
Twin Shadow,Five Seconds,Five Seconds,4:20
Kendrick Lamar,good kid m.A.A.d city,Money Trees,6:26
Ke$ha,Warrior (Deluxe Version),Warrior,4:00
Phantogram,Fall in Love,Fall in Love,3:44
Sleigh Bells,Treats,Crown on the Ground,3:49
The War on Drugs,Lost in the Dream,Under the Pressure,8:51
Ruth Anna Mendoza,Midnight Memories (Deluxe),Best Song Ever,3:05
Hayley Kiyoko,This Side of Paradise - EP,Girls Like Girls,3:49
Paulina Rubio,Paulina,Y Yo Sigo Aqui,4:12
Daniela Romo,Celebridades- Daniela Romo,Yo No Te Pido La Luna (Non Voglio Mica La Luna),3:52
La La Land Cast,La La Land (Original Motion Picture Soundtrack),Another Day of Sun,3:48
Yuri,Soy Libre,El Apagón - Ver. Radio Mix,3:33
CHVRCHES,The Bones of What You Believe (Special Edition),Recover,3:44
Katy Perry,Katy Perry - Teenage Dream: The Complete Confection,Firework,3:47
Denise Rosenthal,Fiesta (Deluxe Edition),I Wanna Give My Heart,3:21
Disclosure,Settle (Deluxe),Defeated No More (feat. Ed Macfarlane),6:08
Carly Rae Jepsen,Kiss,This Kiss,3:48
Rita Ora,ORA Deluxe,Facemelt,1:32
Carly Rae Jepsen,Kiss,Curiosity,3:35
Ariana Grande,Dangerous Woman,Into You,4:04
Eminem,Eminem Presents The Re-Up,You Don't Know,4:18
NEIKED,Sexual,Sexual,2:48
Major Lazer,List of Lights and Buoys,Believer,3:45
Sonic Youth,Dirty,100%,2:28
Sonic Youth,If I Were A Carpenter,Superstar,4:06
Nicole Reynolds,Wolves Won't Eat Us,The Only Ones,3:09
Capital Cities,In a Tidal Wave of Mystery (Deluxe Edition),Safe and Sound,3:12
Namuel,Folclórico,El Amor es Desigual,2:56
Lorde,Pure Heroine,Royals,3:10
Miranda!,Safari,Fotos - Versión acústica,2:34
Dizzee Rascal,HYPE,Hype,3:31
Calvin Harris,My Way,My Way,3:40
Taolo,1989,Wildest Dreams,3:51
Lana Del Rey,Ultraviolence (Hook N Sling Remix),Ultraviolence - Hook N Sling Remix,4:37
Pet Shop Boys,The Guest,Always on My Mind,3:54
Upa!,Grandes Exitos,Cuando Vuelvas - 2002 Digital Remaster,3:16
Julieta Venegas,Otra Cosa,Amores Platónicos,2:37
Namuel,Folclórico,Corazón Pixelado,3:03
Fármacos,Abril,Post Folk,4:20
Gwen Stefani,This Is What the Truth Feels Like,Send Me a Picture,3:35
Britney Spears,The Essential Britney Spears (Remastered),Circus - Remastered,3:12
Namuel,Folclórico,Lucha Libre,4:35
Shakira,Grandes Exitos,Inevitable,3:13
Dillon Francis,Anywhere,Anywhere,2:59
Cheat Codes,Let Me Hold You (Turn Me On),Let Me Hold You (Turn Me On),2:42
Calvin Harris,Outside,Outside,3:47
Shakira,Grandes Exitos,Estoy Aquí - Stereo,3:55
The Libertines,Can't Stand Me Now,Never Never,2:26
Miranda!,Es Mentira,Romix,3:59
Miranda!,Es Mentira,Bailarina,4:39
Jax Jones,House Work,House Work,2:38
Tungevaag & Raaban,Samsara,Samsara,3:31
Cid,Sweet Memories,Sweet Memories,4:21
Florian Picasso,Sheitan,Sheitan,3:23
Kilian & Jo,Suburbia,Suburbia,4:15
South,Music from The O.C. Mix 1,Paint the Silence,5:53
BlasterJaxx,The Silmarillia,The Silmarillia,3:15
Rooney,Rooney,Simply Because,4:03
Rooney,Rooney,If It Were Up To Me,3:00
INXS,INXS Remastered,Need You Tonight,3:03
Miranda!,El Disco De Tu Corazón,Nada es igual,3:29
Jack Ü,Skrillex and Diplo Present Jack Ü,Beats Knockin (feat. Fly Boi Keno),2:53
ZL-Project,Loud 2017,Loud 2017,3:12
Belinda,Carpe Diem,Lolita,3:26
Miranda!,El Templo del Pop,Mi propia vida,3:45
Miranda!,Miranda es imposible!,Tu Mirada,3:22
Miranda!,El Templo del Pop Vol. 2,Mentía,3:37
Gwen Stefani,This Is What the Truth Feels Like,Me Without You,3:34
Miranda!,Safari,Fantasmas,3:42
Javiera Mena,Esquemas juveniles,Al siguiente nivel,4:04
Marineros,Torbellino,Torbellino,3:57
Firebeatz,Sir Duke,Sir Duke,2:39
Axwell,Belong,Belong,3:24
Cash Cash,Blood Sweat & 3 Years,Escarole,4:00
Julieta Venegas,Los Momentos,Vuelve,3:37
Gwen Stefani,Bankrupt!,The Real Thing,4:12
Portugal,Viajes de memoria,Nuestro Momento,3:52
Robyn,Robyn (Non-EU Version),With Every Heartbeat - with Kleerup,6:33
Morrissey,Vauxhall And I (20th Anniversary Definitive Master),Why Don't You Find Out For Yourself - 2014 Remastered Version,3:20
Lily Allen,Somewhere Only We Know,Somewhere Only We Know,3:28
Natalia Oreiro,Tu Veneno,Tu Veneno,3:00
Gwen Stefani,This Is What the Truth Feels Like,Where Would I Be?,3:18
Gwen Stefani,This Is What the Truth Feels Like,You're My Favorite,2:56
Richard Armitage,The Hobbit: An Unexpected Journey Original Motion Picture Soundtrack (International Version),Misty Mountains,1:42
Disclosure,Settle (Special Edition),Latch (feat. Sam Smith),4:19
Shakira,Live From Paris,Ojos Así - Live Version,4:31
Justin Bieber,Casino Twilight Dogs,Sorry,3:20
Grimes,Visions,Oblivion,4:11
Michael Bublé,To Be Loved,It's a Beautiful Day,3:20
Shakira,Can't Remember to Forget You,Can't Remember to Forget You,3:27
Ana Gabriel,Ana Gabriel Todos Sus Exitos,Simplemente Amigos,3:47
La Tigresa del Oriente,Mi lindo Perú,Date Placer con mi Cuerpo,5:03
Britney Spears,The Essential Britney Spears (Remastered),I Wanna Go,3:30
Miranda!,Safari,Fotos,2:34
Adele,21,Rumour Has It,3:43
The Sea and Cake,One Bedroom,Four Corners,5:44
Major Lazer,Peace Is the Mission,Lean On (feat. MØ & DJ Snake),2:57
The Cardigans,Best Of,Lovefool,3:16
Tom Jones,Reload,Sexbomb,3:31
Sara Bareilles,The Blessed Unrest,Brave,3:41
Tom Jones,Gold (1965 - 1975),She's A Lady,2:55
Maroon 5,Singles,This Love,3:26
Gwen Stefani,This Is What the Truth Feels Like,Red Flag,3:21
No Doubt,The Singles Collection (International Version),It's My Life,3:46
The Police,Ghost In The Machine (Remastered),Every Little Thing She Does Is Magic - 2003 Stereo Remastered Version,4:21
Dënver,Totoral,Insistes en volver,5:57
Julieta Venegas,Otra Cosa,Despedida,3:26
Adele,Hello,Hello,4:56
Sara Bareilles,Kaleidoscope Heart,King of Anything,3:25
No Doubt,The Singles Collection (International Version),Don't Speak,4:23
Lily Allen,It's Not Me It's You,I Could Say,4:05
Sara Bareilles,The Blessed Unrest,I Choose You,3:39
Michael Bublé,Hollywood the Deluxe Ep,Haven't Met You Yet - Live,5:22
Ke$ha,Warrior (Deluxe Version),Die Young,3:33
Kelly Clarkson,Stronger (Deluxe Version),Stronger (What Doesn't Kill You),3:42
Rihanna,Music Of The Sun (UK),Pon de Replay,3:34
All Saints,For My Mum,Pure Shores,4:28
Madonna,Celebration (double disc version),Hung Up,5:36
Eve,Hip Hop: The Collection 2008 [(Double) International Version],Tambourine,3:12
Michael Bublé,Hollywood the Deluxe Ep,Hollywood,4:14
Adele,21,Someone Like You,4:54
Gloria Estefan,Exitos de gloria estefan,Conga,4:11
Disclosure,Settle,You & Me (feat. Eliza Doolittle),4:42
Disclosure,Settle (Special Edition),Confess to Me (feat. Jessie Ware),4:10
Disclosure,Caracal,Jaded,3:47
Disclosure,Caracal,Omen,3:50
Death Cab for Cutie,Kintsugi,Binary Sea,4:05
Death Cab for Cutie,You Can Play These Songs With Chords,Line of Best Fit,7:16
Lily Allen,Alright Still,Littlest Things,3:02
Lily Allen,Sheezus,Close Your Eyes,3:37
Lily Allen,Alright Still [Deluxe],Take What You Take,4:06
Lily Allen,Alright Still,Shame for You,4:06
Lily Allen,It's Not Me It's You [Special Edition],Never Gonna Happen,3:28
Joseph Arthur,Music from The O.C. Mix 1,Honey and the Moon,4:44
Frankie Valli,The Very Best Of Frankie Valli & The 4 Seasons (US Release),Can't Take My Eyes Off You,2:58
Michael Bublé,Hollywood the Deluxe Ep,Best of Me,4:33
Gwen Stefani,Four,Truth,3:35
Nada Surf,Let Go,Blonde on Blonde,5:02
Gwen Stefani,This Is What the Truth Feels Like,Asking 4 It,3:31
Julieta Venegas,Si,Algo está cambiando,4:04
Javiera Mena,Otra Era,Quédate un ratito más,3:40
Modest Mouse,The Moon & Antarctica,The Cold Part,5:01
The Piano Guys,Wonders,Kung Fu Piano: Cello Ascends,4:06
The Piano Guys,The Piano Guys,Beethoven's 5 Secrets,5:09
John Barry,Dances With Wolves - Original Motion Picture Soundtrack,The John Dunbar Theme (film version),2:22
Die Antwoord,Donker Mag,Sex,4:36
The Fratellis,Costello Music,Chelsea Dagger,3:34
Ladyhawke,Ladyhawke,My Delirium,4:15
Morning Runner,Gone Up In Flames,Gone Up In Flames,2:53
Walk the Moon,Walk the Moon,Tightrope,4:03
The Drums,Portamento,Money,3:53
Arcade Fire,Funeral,Wake Up,5:35
The Black Keys,Gold on the Ceiling,Gold on the Ceiling,3:44
Grizzly Bear,Shields,Yet Again,5:18
The Walkmen,Bows + Arrows,The Rat,4:28
Tame Impala,Lonerism,Elephant,3:31
R.E.M.,Out Of Time (U.S. Version),Losing My Religion,4:29
The Strokes,Is This It,Last Nite,3:17
alt-J,An Awesome Wave,Something Good,3:38
Grimes,Entropy,Entropy,3:00
The xx,xx,Intro,2:08
The National,Trouble Will Find Me,Graceless,4:35
Miranda!,Miranda es imposible!,No Lo Digas,3:38
Miranda!,El Templo del Pop,Enamorada,3:12
Holden,Chevrotine,Ce que je suis,4:36
Mogwai,Happy Songs for Happy People,Kids Will Be Skeletons,5:29
BORAJ,La Costa EP,La Costa,5:06
A Silver Mt. Zion,Fuck Off Get Free We Pour Light On Everything,Little Ones Run,2:30
The Libertines,Time for Heroes - The Best of the Libertines,The Delaney,2:41
The Libertines,Time for Heroes - The Best of the Libertines,What Katie Did,3:51
The Libertines,Time for Heroes - The Best of the Libertines,Death on the Stairs,3:24
Maroon 5,Singles,Sugar,3:55
No Doubt,The Singles 1992-2003,Hella Good,4:02
Ellie Goulding,Halcyon Days,Beating Heart,3:34
Bee Gees,Mythology,Love So Right,3:37
Dominique Young Unique,Domination Reload Mixtape,Show My Ass,2:53
Miranda!,Magistral,Puro Talento,3:27
No Doubt,The Singles 1992-2003,Hey Baby,3:27
Pedropiedra,Emanuel,Lima,4:43
De Saloon,Mardenubes,DOMESTICAME,4:09
Prehistöricos,Nuestro Día Vendrá,Con Tu Cuerpo El Huracán,3:07
Miguel Bosé,Colección Definitiva,Nena,4:49
Madonna,The Confessions Tour (Int'l Only DMD),Sorry - Live,5:03
Madonna,The Confessions Tour (Int'l Only DMD),Like a Virgin - Live,4:13
Madonna,The Confessions Tour (Int'l Only DMD),Hung Up - Live,9:50
Javiera Mena,Esquemas juveniles,Cámara lenta,5:26
Javiera Mena,Esquemas juveniles,Perlas,5:25
Alessia Cara,Four Pink Walls,Outlaws,3:23
The Ting Tings,We Started Nothing,That's Not My Name,5:06
Ke$ha,Warrior (Deluxe Version),C'mon,3:34
Shakira,Live From Paris,Waka Waka (This Time For Africa) - Live Version,4:46
Shakira,Live From Paris,Inevitable - Live Version,3:36
Shakira,Live From Paris,Gypsy - Live Version,5:30
Shakira,Live From Paris,La Tortura - Live Version,3:42
Shakira,Live From Paris,Nothing Else Matters/Despedida Medley (Live From Paris) - Live Version,4:47
Shakira,Live From Paris,Underneath Your Clothes - Live Version,4:14
Shakira,Live From Paris,Loca - Live Version,3:07
Shakira,Live & Off the Record,Back In Black - Live,5:24
Lykke Li,Wounded Rhymes,I Follow Rivers,3:48
Ellie Goulding,Delirium (Deluxe),I Do What I Love,2:52
Yeah Yeah Yeahs,Project X (Original Motion Picture Soundtrack),Heads Will Roll (A-Trak Remix),6:22
Michael Bublé,To Be Loved,After All - feat. Bryan Adams,3:37
Julieta Venegas,Realmente Lo Mejor,Andar Conmigo,3:59
Justin Bieber,Purpose (Deluxe),Children,3:43
Meghan Trainor,Title (Deluxe),Like I'm Gonna Lose You,3:45
Shawn Mendes,Handwritten (Deluxe),Stitches,3:27
Justin Bieber,Purpose (Deluxe),Life Is Worth Living,3:55
Justin Bieber,Purpose (Deluxe),No Pressure,4:47
Lukas Graham,7 Years,7 Years,3:57
Selena Gomez,Good for You,Good for You,3:41
Justin Bieber,Purpose (Deluxe),No Sense,4:35
Justin Bieber,Purpose (Deluxe),I'll Show You,3:20
Justin Bieber,Purpose (Deluxe),Love Yourself,3:54
Drake,What a Time To Be Alive,Jumpman,3:26
One Direction,Made In the A.M. (Deluxe Edition),Drag Me Down,3:12
Drake,Hotline Bling,Hotline Bling,4:27
Fetty Wap,679 (feat. Remy Boyz),679 (Feat. Remy Boyz),3:16
Ed Sheeran,x (Deluxe Edition),Photograph,4:18
Alanis Morissette,The Collection (Standard Edition),You Oughta Know,4:12
Gloria Estefan and Miami Sound Machine,Exitos de gloria estefan,Conga,4:13
Julieta Venegas,Realmente Lo Mejor,Limón y Sal,3:26
Javiera Mena,Mena,No Te Cuesta Nada,4:03
Sara Bareilles,Little Voice,City,4:34
Sara Bareilles,Little Voice,Gravity,3:53
Crystal Fighters,Star Of Love + Acoustic Version,Plage,3:50
Sara Bareilles,Between The Lines: Sara Bareilles Live At The Fillmore,(Sittin' On) The Dock of the Bay - Live At The Fillmore Version,4:37
Fifth Harmony,Reflection (Deluxe),Top Down,3:40
Fifth Harmony,Worth It (Dame Esta Noche),Worth It (Dame Esta Noche),3:43
Gepe,GP,Un Gran Vacío,6:01
Miranda!,Magistral,Ya Lo Sabia,2:58
Miranda!,Magistral,Ritmo & Decepción,3:50
S Club 7,S Club,Bring It All Back,3:34
Jessie J,Who You Are,LaserLight,3:31
Katy Perry,One of the Boys,Hot n Cold,3:40
P!nk,Greatest Hits...So Far!!!,Stupid Girls,3:17
Fall Out Boy,Save Rock and Roll,Alone Together,3:23
Pitbull,Global Warming,Feel This Moment,3:50
The Chainsmokers,#SELFIE,#SELFIE,3:03
Fergie,Glamorous,Glamorous,4:08
Miley Cyrus,Bangerz (Deluxe Version),Do My Thang,3:45
Britney Spears,The Essential Britney Spears (Remastered),Everytime - Remastered,3:50
Britney Spears,The Essential Britney Spears (Remastered),Out from Under,3:54
Alex Anwandter,Rebeldes,Fin de Semana en el Cielo,4:13
Gloria Estefan,Original Album Classics,It's Too Late,3:57
Miranda!,Es Mentira,Casualidad,5:34
Macklemore & Ryan Lewis,The Heist,Can't Hold Us (feat. Ray Dalton),4:18
Britney Spears,The Singles Collection,Boys (The Co-Ed Remix) - Remastered,3:45
Madonna,Ten,Jump,3:47
Jennifer Lopez,J.Lo,Love Don't Cost a Thing,3:42
Lady Gaga,Born This Way (International Special Edition Version),Born This Way,4:20
Girls Aloud,Ten (Deluxe Edition),Sound of the Underground,3:41
Iggy Azalea,The New Classic,Black Widow,3:18
Justin Timberlake,FutureSex/LoveSounds,SexyBack,4:02
Iggy Azalea,Anti (Deluxe),Work,3:43
ABBA,ABBA Gold,Mamma Mia,3:32
Fergie,The Dutchess (Deluxe International Version),Fergalicious,3:45
Cher Lloyd,With Ur Love,With Ur Love,3:45
Cheryl,I Don't Care,I Don't Care,4:00
Nicole Scherzinger,Don't Hold Your Breath,Don't Hold Your Breath,3:17
Neon Jungle,Braveheart,Braveheart,3:29
Mika,Life in Cartoon Motion,Lollipop,3:03
Demi Lovato,Heart Attack,Heart Attack,3:31
Alexis Jordan,Happiness,Happiness,4:03
Little Mix,Wings,Wings,3:39
Shakira,She Wolf,She Wolf,3:08
Avril Lavigne,The Best Damn Thing,Girlfriend - Radio Edit,3:37
Rihanna,FourFiveSeconds,FourFiveSeconds,3:08
Natalia Kills,Mirrors,Mirrors,4:15
The Weather Girls,100 Hits of the '80s,It's Raining Men,3:31
Elektra,I Don´t Do Boys,I Don´t Do Boys,2:49
Demi Lovato,Demi,Really Don't Care,3:22
Madonna,Celebration,Lucky Star,5:34
Pitbull,Timber,Timber,3:24
Little Mix,Donkey,Move,3:42
Nicole Scherzinger,Poison,Poison - New Main Version,3:48
Backstreet Boys,Millennium,I Want It That Way,3:34
Cher,Cher's Greatest Hits: 1965-1992,If I Could Turn Back Time,4:01
Beyoncé,4,End of Time,3:44
Peter Andre,Return of the 90s,Mysterious Girl,3:37
Shania Twain,Come on Over,Man! I Feel Like a Woman!,3:53
Bridgit Mendler,Hello My Name Is...,Ready or Not,3:20
Taylor Swift,Love Story,Love Story,3:54
Robyn,Cool - R&B,Be Mine!,3:27
CHVRCHES,The Bones of What You Believe (Special Edition),We Sink,3:34
Rooney,Rooney,That Girl Has Love,3:31
Rooney,Rooney,Stay Away,3:32
Good Shoes,Think Before You Speak,Things to Make And Do,2:44
Madonna,Celebration,Like a Virgin,3:35
LMFAO,Sorry for Party Rocking,Champagne Showers,4:24
Rooney,Rooney,Popstars,4:07
Goldspot,Tally of the Yes Men,Cusp,2:56
Black Eyed Peas,THE E.N.D. (THE ENERGY NEVER DIES) [International Deluxe Version],Boom Boom Pow,5:08
Flo Rida,Gdfr (feat. Sage The Gemini & Lookas),GDFR (feat. Sage the Gemini & Lookas),3:10
Beyoncé,B'Day Deluxe Edition,Freakum Dress,3:20
Lady Gaga,ARTPOP,Swine,4:28
Rooney,Rooney,Daisy Duke,3:47
Paquita La Del Barrio,Mi Historia - Paquita la del Barrio,HOMBRES MALVADOS,3:20
CHVRCHES,The Bones of What You Believe (Special Edition),Night Sky,3:51
CHVRCHES,The Bones of What You Believe (Special Edition),Lungs,3:02
Rooney,Rooney,Losing All Control,4:21
Britney Spears,Circus,Womanizer,3:43
Inna,Fever,In Your Eyes,2:47
Britney Spears,Femme Fatale (Deluxe Version),Trouble for Me,3:21
Britney Spears,Ooh La La (from The Smurfs 2),Ooh La La,4:15
Britney Spears,The Essential Britney Spears (Remastered),Hot as Ice,3:16
CHVRCHES,Recover,Now Is Not the Time,3:44
Lily Allen,Sheezus,Silver Spoon,3:38
Lily Allen,Sheezus,Life for Me,4:01
Destiny's Child,Destiny's Child/The Writing's On The Wall,Bug A Boo (H-town Screwed Mix),3:22
Iggy Azalea,Reclassified,Change Your Life,3:40
P!nk,Greatest Hits...So Far!!!,U + Ur Hand,3:34
Pitbull,Globalization,Time of Our Lives,3:49
Jack Ü,Take Ü There (feat. Kiesza),Take Ü There (feat. Kiesza),3:29
Nicki Minaj,The Pinkprint,The Night Is Still Young,3:48
Beyoncé,I Am... Sasha Fierce,Single Ladies (Put a Ring on It),3:13
Lady Gaga,Born This Way (International Special Edition Version),The Edge of Glory,5:20
Destiny's Child,Survivor,Independent Women Part I,3:41
will.i.am,Check It Out (Main Radio Mix),Check It Out - Main Radio Mix,3:58
Scissor Sisters,Magic Hour,Let's Have a Kiki,3:50
Katy Perry,PRISM (Deluxe),Roar,3:43
P!nk,Greatest Hits...So Far!!!,Raise Your Glass,3:23
Nicki Minaj,Pink Friday: Roman Reloaded the Re-Up,I'm Legit,3:18
Katy Perry,PRISM (Deluxe),Dark Horse,3:35
Britney Spears,Britney Jean (Deluxe Version),Body Ache,3:26
Lily Allen,Sheezus,Interlude,1:38
Lily Allen,It's Not Me It's You,F**k You,3:41
Vicente Fernández,El Numero Uno Vol. II,Que Te Vaya Bonito,3:02
Christina Aguilera,Keeps Gettin' Better: A Decade of Hits,Ain't No Other Man,3:47
Pitbull,Fireball,Fireball,3:55
P!nk,Greatest Hits...So Far!!!,So What,3:30
Beyoncé,I Am... Sasha Fierce,Sweet Dreams,3:28
Jennifer Lopez,A.K.A. (Deluxe),First Love,3:33
Lady Gaga,Born This Way (International Special Edition Version),Marry the Night,4:24
Black Eyed Peas,The Beginning & The Best Of The E.N.D. (International Mega-Deluxe Version),The Time (Dirty Bit),5:08
Beyoncé,B'Day Deluxe Edition,Beautiful Liar - Main Version / Album Version,3:19
Kate Nash,Made of Bricks,Skeleton Song,5:08
Kate Nash,Made of Bricks,Pumpkin Soup,2:59
Inna,I Am the Club Rocker,Sun Is Up (Play&win Radio Version),3:43
Kate Nash,Made of Bricks,Mouthwash,5:02
Julieta Venegas,Julieta Venegas - MTV Unplugged,Seria Feliz (Unplugged) (En Vivo),3:30
Meghan Trainor,All About That Bass,All About That Bass,3:08
David Guetta,Listen,Hey Mama (feat. Nicki Minaj & Afrojack),3:13
Ellie Goulding,Halcyon Days,Anything Could Happen,4:46
Michael Jackson,XSCAPE,Love Never Felt So Good,3:54
David Guetta,Listen,Dangerous (feat. Sam Martin),3:23
David Guetta,Nothing But the Beat Ultimate,She Wolf (Falling to Pieces) [feat. Sia],3:42
Calvin Harris,Motion,Under Control,3:04
Julieta Venegas,Julieta Venegas - MTV Unplugged,Me Voy (Unplugged) (En Vivo),3:18
Sara Bareilles,Careful Confessions,Love on the Rocks,4:13
Sara Bareilles,Careful Confessions,Red,4:19
Kate Nash,Made of Bricks,Nicest Thing,4:05
Kate Nash,Girl Talk,Are You There Sweetheart?,4:29
The Libertines,Time for Heroes - The Best of the Libertines,Mayday,1:04
The Libertines,Up the Bracket,Boys in the Band,3:42
The Libertines,Time for Heroes - The Best of the Libertines,What a Waster,2:59
The Libertines,The Libertines,Last Post on the Bugle,2:11
The Libertines,Time for Heroes - The Best of the Libertines,Up the Bracket,2:40
The Libertines,The Libertines,The Ha Ha Wall,2:29
The Libertines,Up the Bracket,Tell the King,3:24
The Libertines,Time for Heroes - The Best of the Libertines,Can't Stand Me Now,3:24
Lady Gaga,Born This Way (International Special Edition Version),Hair,5:08
Nicki Minaj,Pink Friday: Roman Reloaded the Re-Up,Stupid Hoe,3:16
Olivia Newton-John,Back To Basics: The Essential Collection 1971-1992,Physical,3:43
Iggy Azalea,The New Classic (Deluxe Version),Just Askin',2:59
Iggy Azalea,The New Classic (Deluxe Version),Fuck Love,2:39
Iggy Azalea,The New Classic,100,4:10
Iggy Azalea,The New Classic,Don't Need Y'all,3:33
Iggy Azalea,Ignorant Art,Pu$$y,2:43
Iggy Azalea,Reclassified,We in This Bitch,4:10
Calvin Harris,Motion,Blame,3:25
Sara Bareilles,The Blessed Unrest,Chasing the Sun,4:29
Manolo Muñoz,Despeinada,Despeinada,2:53
Julieta Venegas,Julieta Venegas - MTV Unplugged,Esta Vez (Unplugged) (En Vivo),3:28
Sir Neville Marriner,Mozart: Eine kleine Nachtmusik etc.,Suite No.3 in D Major (1986 Digital Remaster): Air from Suite No.3 in D 'Air on the G string',3:38
Kate Nash,OMYGOD!,OMYGOD!,6:56
Kate Nash,Made of Bricks,Birds,4:26
Kate Nash,Made of Bricks,We Get On,4:34
Kate Nash,Made of Bricks,Play,1:11
Sir Neville Marriner,Mozart: Eine kleine Nachtmusik etc.,Pavane Op. 50 (orchestral version),1:48
Raffaella carrà,Fiesta,Tanti Auguri - Com'è Bello Far L'Amore..,3:51
Sara Bareilles,The Hotel Café presents... Winter Songs,Winter Song,4:29
Esmée Denters,Outta Here,Outta Here,3:20
Babyshambles,Down in Albion,8 Dead Boys,4:16
Babyshambles,Down in Albion,Sticks and Stones,4:47
Babyshambles,Down in Albion,Pipedown,2:34
Babyshambles,Down in Albion,The 32nd of December,3:08
Babyshambles,Down in Albion,A'Rebours,3:23
Miranda!,Es Mentira,Horoscopo,4:35
Christina Aguilera,Christina Aguilera,Come on Over (All I Want Is You),3:23
Babyshambles,Down in Albion,Up the Morning,5:43
Babyshambles,Down in Albion,Loyalty Song,3:32
Babyshambles,Down in Albion,Back From the Dead,2:52
Babyshambles,Down in Albion,Albion,5:24
Babyshambles,Down in Albion,In Love With a Feeling,2:51
Sara Bareilles,Kaleidoscope Heart,Uncharted,3:34
Raffaella carrà,Fiesta,E salutala per me,4:35
Raffaella carrà,Grandes Exitos,Mamá Dame Cien Pesetas,3:29
Babyshambles,The La's,There She Goes,3:36
Marineros,Cae la noche,Cae la noche,4:25
Christina Aguilera,Christina Aguilera,When You Put Your Hands on Me,3:35
Christina Aguilera,Christina Aguilera,Blessed,3:05
Fother Muckers,Justo y Necesario,2022,4:11
Alex & Daniel,Alex & Daniel,Japón,3:44
Christina Aguilera,Mi Reflejo,Si No Te Hubiera Conocido,4:51
Justin Timberlake,Matucana - EP,Señorita,4:54
The Veronicas,Untouched - Lost Tracks EP,Untouched - Unplugged,3:39
Teleradio Donoso,bailar y llorar,éramos todos felices,4:13
Kate Nash,OMYGOD!,Honesty Policy,2:39
Kate Nash,Girl Talk,Fri-End?,3:32
Pedropiedra,Pedropiedra,sol mayor,3:47
Gwen Stefani,Love Angel Music Baby,Harajuku Girls,4:51
Gloria Gaynor,Can't Take My Eyes Off of You,Can'T Take My Eyes Off Of You - Extended Version,5:48
Gwen Stefani,Love Angel Music Baby,Cool,3:09
Kali Mutsa,Souvenance,Oh Bebe,0:49
Kali Mutsa,Souvenance,Intermedio Final,1:19
Namuel,Noche Polar,Él Me da Vida,3:40
Sara Bareilles,The Blessed Unrest,Little Black Dress,3:32
Lady Gaga,ARTPOP,Applause,3:32
Hear'Say,Popstars,Pure & Simple,3:46
Scissor Sisters,Magic Hour,Only the Horses,7:10
Blondie,Panic of Girls,Sunday Smile,4:49
Blondie,Blondie 4(0)-Ever: Greatest Hits Deluxe Redux / Ghosts Of Download,A Rose by Any Name (feat. Beth Ditto),3:34
Blondie,Blondie 4(0)-Ever: Greatest Hits Deluxe Redux / Ghosts Of Download,Backroom,4:06
Blondie,Atomic/Atomix,Call Me,3:30
The Veronicas,Revenge Is Sweeter Tour,Take Me On The Floor - Live,4:37
The Veronicas,Hook Me Up,I Can't Stay Away,3:26
The Veronicas,Hook Me Up,Take Me on the Floor,3:30
Marina & the Diamonds,Primadonna,Primadonna,3:41
Goldfrapp,Rocket,Rocket,3:51
Miranda!,El Disco De Tu Corazón,Prisionero,3:28
Cheryl,3 Words,Parachute,3:31
Avril Lavigne,Goodbye Lullaby,What the Hell,3:40
The Saturdays,Headlines,Ego,2:59
Katy Perry,PRISM (Deluxe),Birthday,3:35
Loreen,G-A-Y,Euphoria,3:01
Alexis Jordan,Abduction - Original Motion Picture Soundtrack,Good Girl,3:57
Mika,Popular Song,Popular Song,3:20
A.R. Rahman,Jai Ho! (You Are My Destiny),Jai Ho! (You Are My Destiny),3:43
Alphabeat,This Is Alphabeat,Fascination,3:01
Arkells,Michigan Left,Where U Goin,3:46
Goldfrapp,Ooh La La (from The Smurfs 2),Ooh La La,3:24
Holly Valance,Kiss Kiss,Kiss Kiss,3:26
Tila Tequila,Donker Mag,Sex,3:41
Tila Tequila,I Paralyze,Paralyze,3:58
The Police,The Very Best Of Sting And The Police,Don't Stand So Close to Me,4:03
A Fine Frenzy,Bomb in a Birdcage,Swan Song,3:43
A Fine Frenzy,Bomb in a Birdcage,Electric Twist,4:31
Sara Bareilles,Kaleidoscope Heart,Kaleidoscope Heart,1:01
Conrad Tao,Voyages,Five Preludes from Op.23 (1904) and Op.32 (1910): Op. 32 No.10 in B minor,5:29
Ludovico Einaudi,Divenire,Primavera,7:54
Kate Nash,Girl Talk,3AM,3:32
The Libertines,The Libertines,Music When the Lights Go Out,3:02
Nat King Cole,The Unforgettable Nat King Cole,L-O-V-E - 2000 Digital Remaster,2:33
Miranda!,Miranda es imposible!,Entre Mis Brazos,3:47
Miranda!,El Templo del Pop,Perfecta,3:45
Tommy Fleming,Going Back,Cant Take My Eyes Off You,4:08
The Turtles,Happy Together,Happy Together,2:54
Elisabeth Leonskaja,Chopin Masterworks Volume 1,Chopin : Nocturne No.2 in E flat major Op.9 No.2,5:09
Lana Del Rey,Born to Die - The Paradise Edition,Ride,5:56
Alejandro Sanz,Coleccion definitiva (Deluxe),El alma al aire,5:52
Elisabeth Leonskaja,Chopin Masterworks Volume 1,Chopin : Nocturne No.3 in B major Op.9 No.3,7:16
Cobra Starship,¡Viva La Cobra!,Guilty Pleasure,3:23
Bon Jovi,blink-182,Always,5:52
Robbie Williams,Escapology,Something Beautiful,4:48
Robbie Williams,Feel,Feel,4:22
Miley Cyrus,Bangerz (Deluxe Version),Adore You,4:38
Lykke Li,No One Ever Loved,No One Ever Loved,4:05
Nicki Minaj,Pink Friday ... Roman Reloaded (Explicit Deluxe Version),Young Forever,3:06
Nicki Minaj,Pink Friday ... Roman Reloaded (Explicit Deluxe Version),Va Va Voom,3:02
Nicki Minaj,Pink Friday ... Roman Reloaded,Masquerade,3:49
Nicki Minaj,Pink Friday,Moment 4 Life,4:39
Iggy Azalea,Ignorant Art,Treasure Island,3:18
Boys Like Girls,Boys Like Girls,Dance Hall Drug,3:30
Owl City,All Things Bright and Beautiful,Deer in the Headlights,3:01
Owl City,Maybe I'm Dreaming,Rainbow Veins,4:41
Boys Like Girls,Boys Like Girls,Thunder,4:34
Owl City,All Things Bright and Beautiful,Honey And The Bee,3:45
The 5 Browns,Browns In Blue,18th Variation from Rhapsody on a Theme of Paganini,3:09
Conrad Tao,Voyages,Five Preludes from Op.23 (1904) and Op.32 (1910): Op. 32 No.5 in G major,3:25
Thomas Newman,Meet Joe Black (Soundtrack),Whisper Of A Thrill,5:42
Ayako Uehara,Tchaikovsky: Grande Sonate etc.,Grande Sonate Op.37: I Moderato e risoluto,12:15
Max Richter,Blue Notebooks,Horizon Variations,1:52
John Williams,Memoirs Of A Geisha,The Fire Scene and the Coming of War,6:48
Dario Marianelli,Jane Eyre - Original Motion Picture Soundtrack,My Edward and I,3:54
Dario Marianelli,Jane Eyre - Original Motion Picture Soundtrack,A Game of Badminton,0:58
Conrad Tao,Voyages,Five Preludes from Op.23 (1904) and Op.32 (1910): Op. 23 No.2 in B flat major,3:29
Philip Glass,The Hours (Music from the Motion Picture Soundtrack),The Poet Acts,3:40
Ayako Uehara,Tchaikovsky: Grande Sonate etc.,Grande Sonate Op.37: IV Finale. Allegro vivace,7:03
Maurice Ravel,Maurice Ravel Plays Ravel (Digitally Remastered),Pavane Pour Une Infante Defunte (Pavane For A Dead Princess),5:40
Philip Glass,The Hours (Music from the Motion Picture Soundtrack),Escape!,3:48
Berliner Philharmoniker,Strauss R.: Tod und Verklärung; Metamorphosen; Four Last Songs,R. Strauss: Metamorphosen for 23 Solo Strings,26:11
Ludovico Einaudi,Divenire,Andare,7:06
Boards of Canada,Hi Scores,Everything You Do Is a Balloon,7:02
Sigur Rós,ágætis byrjun,Starálfur,6:47
Ólafur Arnalds,...and they have escaped the weight of darkness,Þau hafa sloppið undan þunga myrkursins,4:01
Anne Queffélec,Satie: Gymnopedies - Gnossiennes - Piano Works,Trois Gymnopedies: No. 2,2:53
Miguel Bosé,Colección Definitiva,Como Un Lobo,3:58
La Prohibida,Flash,Flash,3:03
Lana Del Rey,Paradise,Gods & Monsters,3:57
Lana Del Rey,Summertime Sadness [Lana Del Rey vs. Cedric Gervais] (Cedric Gervais Remix),Summertime Sadness [Lana Del Rey vs. Cedric Gervais] - Cedric Gervais Remix,6:52
Franz Liszt,A Calendar Of Classics - A 12 CD Set Of Romantic Classics For Every Month Of The Year,Liebestraum,4:07
Franz Liszt,Classical Piano Chillout 2,Consolation No. 3,4:05
Robbie Williams,Swings Both Ways (Deluxe),Dream A Little Dream,3:33
Boys Like Girls,Love Drunk,She's Got A Boyfriend Now,4:06
Lana Del Rey,Born to Die - The Paradise Edition,Dark Paradise,4:03
Lana Del Rey,Ultraviolence,Money Power Glory,4:31
The Vaccines,What Did You Expect from The Vaccines?,Post Break-Up Sex,2:53
The Last Shadow Puppets,The Age of the Understatement,Standing Next to Me,2:18
Albert Hammond Jr.,Going The Distance,In Transit,3:47
The Libertines,The Libertines,The Saga,1:53
Boys Like Girls,Love Drunk,Two Is Better Than One,4:04
Miranda!,Exitos Inolvidables del Pop Vol. 2,Mentia,3:34
Portugal,Viajes de memoria,Santiago,3:59
Portugal,Viajes de memoria,Viajes de Memoria,3:19
Tila Tequila,I Love U (Don Diablo Remixes) - EP,I Love U (Dirty Version),3:32
Portugal,Kaipaan Sinua,Dulce,5:44
Good Shoes,Think Before You Speak,We Are Not the Same,2:44
Portugal,Viajes de memoria,Uhu,4:11
Lorde,No Better - Single,No Better,2:50
Danna Paola,Danna Paola,Agüita,3:39
Vampire Weekend,Modern Vampires of the City,Diane Young,2:40
blink-182,The Mark Tom And Travis Show (The Enema Strikes Back),Man Overboard,2:46
The Libertines,Up the Bracket,Horrorshow,2:34
The Libertines,Time For Heroes: Best Of The Libertines,Don't Look Back into the Sun,3:00
Miranda!,Magistral,No Pero No,3:23
You Love Her Coz She's Dead,Kitsuné Maison Compilation 6,Superheroes,2:45
The Libertines,Baby Shambles Sessions,The Good Old Days,2:59
Good Shoes,Think Before You Speak,Never Meant to Hurt You,3:31
One Direction,Take Me Home: Yearbook Edition,Last First Kiss,3:25
Good Shoes,Think Before You Speak,All in My Head,2:32
Paris Hilton,Good Time (feat. Lil Wayne) - Single,Good Time (feat. Lil Wayne),3:36
Good Shoes,Think Before You Speak,The Photos On My Wall,1:52
Yellowcard,Ocean Avenue Acoustic,Ocean Avenue Acoustic,3:39
Kate Nash,Girl Talk,All Talk,3:25
Crystal Fighters,Kitsuné Maison Compilation 8,I Love London,2:48
Echosmith,Cool Kids - Single,Cool Kids,3:58
Rooney,Eureka (Deluxe Edition),I Can't Get Enough,3:05
Peter Doherty,Grace/Wastelands,Last of the English Roses,4:57
Kate Nash,Made of Bricks,Shit Song,3:05
Robyn,Robyn,With Every Heartbeat,4:13
Rooney,Calling The World,Love Me Or Leave Me,3:13
Kate Nash,Girl Talk,Death Proof,2:23
Three Days Grace,Life Starts Now,Lost In You,3:53
Josh Rouse,Subtitulo,Quiet Town,2:32
Rooney,Eureka (Deluxe Edition),You're What I'm Looking For,3:37
They Might Be Giants,Istanbul (Not Constantinople) (EP),Istanbul (Not Constantinople),6:18
The Libertines,Baby Shambles Sessions,The Last Post on the Bugle,2:05
The Libertines,The French Sessions,Narcissist,2:28
Peter Doherty,Grace/Wastelands,I Am the Rain,3:13
Vampire Weekend,Oxford Comma,Bryn,2:12
Gepe,Las Piedras EP,Las piedras,4:08
The Libertines,Baby Shambles Sessions,Don't Look Back Into the Sun 1,2:59
TV on the Radio,Dear Science (Deluxe Edition),Lover's Day,5:54
Lana Del Rey,Born to Die,Summertime Sadness (Cedric Gervais Remix),3:35
TV on the Radio,Dear Science (Deluxe Edition),Halfway Home,5:32
The Rolling Stones,Sweet Summer Sun Live in Hyde Park 2013 (Live) - Single,Tumbling Dice (Live),4:05
Good Shoes,Think Before You Speak,Morden,2:29
The Libertines,Legs 11,France (demo),2:30
Babyshambles,Shotter's Nation,Delivery,2:42
Rooney,Eureka (Deluxe Edition),Go On,3:20
Three Days Grace,Life Starts Now,Last To Know,3:27
311,From Chaos,Amber,3:30
Lorde,Pure Heroine,White Teeth Teens,3:38
The Libertines,Baby Shambles Sessions,France 1,3:12
The Libertines,Baby Shambles Sessions,Don't Look Back Into the Sun 2,2:36
Miranda!,Luna Magistral,Tu Misterioso Alguien,4:04
Start Trouble,Every Solution Has It's Proble,Let's Get Fucked Up,2:36
blink-182,blink-182,Obvious,2:43
blink-182,Dude Ranch,Dammit,2:45
Silverstein,A Shipwreck in the Sand,Broken Stars,3:43
TV on the Radio,Dear Science (Deluxe Edition),Dancing Choose (Prefuse 73 Remix),3:49
Nouvelle Vague,Best Of,In a Manner of Speaking,3:58
Green Day,Dookie,She,2:14
The Libertines,The Libertines,Campaign of Hate,2:10
The Libertines,Up the Bracket,Vertigo,2:38
The Libertines,Legs 11,Music When the Lights Go Out (demo),3:12
Los Prisioneros,Pateando Piedras,Por Qué No Se Van,2:59
TV on the Radio,Dear Science (Deluxe Edition),Make Love All Night Long,3:32
Marina & the Diamonds,Starstrukk (Katy Perry / 3OH3 Cover),Starstrukk (Live In Norwich),5:04
Vampire Weekend,Modern Vampires of the City,Young Lion,1:45
Los Prisioneros,La Voz De Los '80,Nunca Quedas Mal Con Nadie,4:13
CHVRCHES,The Bones of What You Believe (Special Edition),By the Throat,4:09
One Direction,Up All Night (Yearbook Edition),Gotta Be You,4:04
Vampire Weekend,Oxford Comma,One (Blake's Got a New Face),3:11
The Libertines,Baby Shambles Sessions,In Love With a Feeling 1,1:57
Los Prisioneros,La Voz De Los '80,Sexo,4:34
Pedropiedra,Pedropiedra,Cuarto Oscuro,4:02
The Libertines,Time for Heroes : The Best of The Libertines,I Get Along,2:51
The Libertines,Legs 11,Bucket Shop (demo),2:54
The Libertines,Baby Shambles Sessions,France 2,2:15
The Libertines,Legs 11,7 Deadly Frenchmen (demo),1:02
The Libertines,The Libertines,Road to Ruin,4:22
Rooney,Calling The World,Tell Me Soon,3:20
Green Day,Dookie,Basket Case,3:01
The Libertines,Legs 11,Anything but Love (demo),3:29
Vampire Weekend,Oxford Comma,Mansard Roof,2:07
The Libertines,Baby Shambles Sessions,France 3,2:14
One Direction,Take Me Home: Yearbook Edition,Still the One,3:03
The Libertines,Baby Shambles Sessions,Babyshambles 1,2:36
Pedropiedra,Pedropiedra,Mi Mamá,1:39
The Libertines,The Sailor Sessions,ha ha wall,6:23
The Libertines,Chicken Shack Sessions,Bucket Shop,3:04
Peter Doherty,Grace/Wastelands,Palace of Bone,4:23
Vampire Weekend,Oxford Comma,The Kids Don't Stand a Chance,4:03
The Libertines,Legs 11,Love on the Dole (demo),3:23
Babyshambles,Shotter's Nation,Baddie's Boogie,3:55
Green Day,Dookie,F.O.D.,4:08
blink-182,Dude Ranch,Josie,3:20
Rooney,Eureka (Deluxe Edition),Don't Look at Me,3:59
Green Day,Dookie,When I Come Around,2:58
Rihanna,Rihanna The Greatest Hits,You Da One,3:20
Babyshambles,Shotter's Nation,Unstookie Titled,4:30
The Libertines,The Libertines,Arbeit Macht Frei,1:18
Good Shoes,Think Before You Speak,Ice Age,2:54
TV on the Radio,Dear Science (Deluxe Edition),Crying (Telepathe Remix),4:29
One Direction,Up All Night (Yearbook Edition),I Wish,3:36
Los Prisioneros,La Voz De Los '80,Paramar,3:46
Gepe,Audiovisión,Estado de Vista,2:41
Rihanna,Rihanna The Greatest Hits,Shut Up and Drive,3:33
Green Day,Dookie,Welcome to Paradise,3:44
Rooney,Eureka (Deluxe Edition),I Don't Wanna Lose You (Acoustic),3:15
Green Day,Dookie,Emenius Sleepus,1:43
Julieta Venegas,Sí,Lo Que Pidas,3:16
Silverstein,Dreaming Out Loud (International Version),Apologize,2:55
Green Day,21st Century Breakdown,Last Of The American Girls (Album Version),3:51
Gepe,GP,Campos Magnéticos,3:37
Los Prisioneros,Pateando Piedras,Quieren Dinero,5:15
Babyshambles,Shotter's Nation,Crumb Begging Baghead,3:44
Julieta Venegas,Limón y Sal,De Que Me Sirve,2:37
Owl City,All Things Bright and Beautiful,Galaxies,4:03
The Libertines,Legs 11,Sister Sister (demo),3:01
Julieta Venegas,Sí,Mala Memoria,3:06
TV on the Radio,Dear Science (Deluxe Edition),Family Tree,5:34
Julieta Venegas,Otra Cosa (Deluxe Version),Ya Conocerán,3:16
Babyshambles,Shotter's Nation,Deft Left Hand,4:04
The Libertines,Baby Shambles Sessions,Untitled,2:24
Peter Doherty,Grace/Wastelands,Salome,3:13
Boys Like Girls,Boys Like Girls,Five Minutes To Midnight,3:47
One Direction,Up All Night (Yearbook Edition),I Want,2:53
Gepe,Audiovisión,Budapest,3:06
Babyshambles,Shotter's Nation,Side Of The Road,2:10
The Libertines,Baby Shambles Sessions,Albion 2,3:56
The Libertines,Baby Shambles Sessions,I Love You (But You're Green),2:14
The Libertines,Up the Bracket,Radio America,3:44
blink-182,Greatest Hits,Another Girl Another Planet,2:41
Gepe,GP,Libre,3:28
La Ley,Historias E Histeria,El Duelo,3:14
The Only Ones,Greatest Hits,Another Girl Another Planet,3:00
Odisea,Odisea Odiseo,Nuestra casa de violencia,7:01
Justin Timberlake,The 20/20 Experience,Dress On,4:39
Julieta Venegas,Limón y Sal,No Sere,2:58
Dënver,Música Gramática Gimnasia,Feedback,5:19
Los Prisioneros,Manzana,Insatisfacción,4:15
Teleradio Donoso,Gran Santiago,En un momento,3:29
They Might Be Giants,Istanbul (Not Constantinople) (EP),Istanbul (Not Constantinople) (Brownsville mix),5:13
Foster the People,SaG's Indie Electro Rock Playlist September 2010,Pumped Up Kicks,3:09
Miranda!,Luna Magistral,A la Distancia,3:34
Good Shoes,Think Before You Speak,Wait,2:52
Los Prisioneros,La Cultura De La Basura,Cuando Te Vayas,4:50
Alex & Daniel,Alex & Daniel,Segunda,3:19
Julieta Venegas,Otra Cosa,Un Lugar,3:07
Julieta Venegas,Otra Cosa,Bien o Mal,2:59
Sam Isaac,The Inbetweeners,Fire Fire,3:39
Peter Doherty,Grace/Wastelands,A Little Death Around the Eyes,3:31
Peter Doherty,Grace/Wastelands,1939 Returning,3:12
Gepe,Audiovision,Amigos Vecinos,1:48
Julieta Venegas,Otra Cosa,Otra Cosa,2:41
Justin Timberlake,The 20/20 Experience,Suit & Tie,5:26
Radiohead,The Bends,Fake Plastic Trees,4:50
Miranda!,Luna Magistral,Cada Vez Que Decimos Adiós,3:19
Gepe,Hungría,Gracia,2:40
Jack Peñate,The Inbetweeners,Second Minute or Hour,3:05
The Libertines,Baby Shambles Sessions,The Road to Ruin 2,2:14
Teleradio Donoso,bailar y llorar,Sed de Mal,5:01
Julieta Venegas,Los Momentos,Nada Importante,3:23
Julieta Venegas,Otra Cosa,Revolución,3:25
Alex & Daniel,Alex & Daniel,Baby,3:37
Teleradio Donoso,Gran Santiago,Un día fui a pasear y no volví,3:25
Teleradio Donoso,Gran Santiago,La carta,3:35
Julieta Venegas,Limón y Sal,Mirame Bien,3:37
Julieta Venegas,Si,Donde Quiero Estar,3:05
Two Door Cinema Club,Tourist History,You're Not Stubborn,3:10
Los Prisioneros,Pateando Piedras,Por Favor,3:10
Teleradio Donoso,Gran Santiago,Gran Santiago,5:45
Odisea,Odisea Odiseo,Una nueva vida (vida maquinal),5:45
Dënver,Música Gramática Gimnasia,Segundas destrezas,1:11
The Libertines,Baby Shambles Sessions,Albion Intro,1:31
Marina & the Diamonds,The Family Jewels,Numb,4:14
Justin Timberlake,The 20/20 Experience,Let the Groove Get In,7:11
